freq,product,consom,unit,tax,currency,geo\TIME_PERIOD	2007-S1 	2007-S2 	2008-S1 	2008-S2 	2009-S1 	2009-S2 	2010-S1 	2010-S2 	2011-S1 	2011-S2 	2012-S1 	2012-S2 	2013-S1 	2013-S2 	2014-S1 	2014-S2 	2015-S1 	2015-S2 	2016-S1 	2016-S2 	2017-S1 	2017-S2 	2018-S1 	2018-S2 	2019-S1 	2019-S2 	2020-S1 	2020-S2 	2021-S1 	2021-S2 
S,6000,4161901,KWH,I_TAX,EUR,AL	: 	: 	: 	: 	: 	: 	: 	: 	0.1152 	0.1157 	0.1163 	0.1167 	0.1156 	0.1154 	0.1156 	0.1160 	0.0812 	0.0819 	0.0824 	0.0835 	0.0844 	0.0856 	: 	0.0910 	0.0920 e	0.0933 	0.0922 e	0.0920 e	: 	0.0937 
S,6000,4161901,KWH,I_TAX,EUR,AT	: 	0.2653 	0.2650 	0.2649 	0.2727 	0.2726 	0.2538 	0.2570 	0.2946 	0.2918 	0.2978 	0.2988 	0.3181 	0.3112 	0.3175 	0.3156 	0.3550 	0.3527 	0.3695 	0.3685 	0.3699 	0.3730 	0.3652 	0.3573 	0.3796 	0.3847 	0.4074 	0.4037 	0.4387 	0.4545 
S,6000,4161901,KWH,I_TAX,EUR,BA	: 	: 	: 	: 	: 	: 	: 	: 	: 	: 	0.2164 	0.1950 	0.2270 	0.2121 	0.2269 	0.2076 	0.2447 	0.1974 	0.2130 	0.2038 	0.2224 	0.2020 	0.2206 	0.1884 	0.2090 	0.1872 	0.2130 	0.2077 	0.2146 	0.1876 
S,6000,4161901,KWH,I_TAX,EUR,BE	: 	0.2443 	0.2785 	0.3593 	0.2628 	0.2780 	0.2930 	0.2852 	0.3034 	0.2965 	0.2921 	0.3102 	0.2907 	0.2929 	0.2661 	0.2595 	0.2641 	0.3082 	0.4088 	0.4934 	0.4988 	0.5160 	0.4300 	0.4358 	0.4742 	0.5012 	0.4393 	0.4792 	0.4346 	0.4078 
S,6000,4161901,KWH,I_TAX,EUR,BG	: 	0.0741 	0.0741 	0.0823 	0.0844 	0.0823 	0.0823 	0.0842 	0.0840 	0.0852 	0.0857 	0.0957 	0.0957 	0.0880 	0.0851 	0.0914 	0.0969 	0.0976 	0.0978 	0.0967 	0.0977 	0.0998 	0.1000 	0.1016 	0.1014 	0.1017 	0.1034 	0.1044 	0.1061 	0.1119 
S,6000,4161901,KWH,I_TAX,EUR,CY	: 	0.1674 	0.1921 	0.1992 	0.1393 	0.1601 	0.2120 	0.2224 	0.2353 	0.2657 	0.3180 	0.3179 	0.3073 	0.2721 	0.2638 	0.2626 	0.2274 	0.2133 	0.1860 	0.1962 	0.2262 	0.2409 	0.2976 	0.3159 	0.3333 	0.3214 	0.3547 	0.3218 	0.3616 	0.4209 
S,6000,4161901,KWH,I_TAX,EUR,CZ	0.2106 	0.2166 	0.2492 	0.2541 	0.2517 	0.2651 	0.2612 	0.2703 	0.2883 	0.2827 	0.2915 	0.2921 	0.2922 	0.2860 	0.2587 	0.2570 	0.2578 	0.2620 	0.2670 	0.2671 	0.2693 	0.2787 	0.2878 	0.2951 	0.3204 	0.3216 	0.3242 	0.3255 	0.3226 	0.3302 
S,6000,4161901,KWH,I_TAX,EUR,DE	0.3232 	0.3347 	0.3415 	0.3480 	0.3599 	0.3567 	0.3664 	0.3725 	0.3835 	0.3831 	0.3917 	0.4028 	0.4257 	0.4267 	0.4329 	0.4336 	0.4366 	0.4358 	0.4555 	0.4517 	0.4742 	0.4732 	0.4731 	0.4758 	0.4985 	0.4570 	0.4752 	0.4420 	0.4606 	0.4756 
S,6000,4161901,KWH,I_TAX,EUR,DK	: 	0.2676 	0.2920 	0.3070 	0.2991 	0.2847 	0.2973 	0.3010 	0.3215 	0.3283 	0.3308 	0.3278 	0.3304 	0.3217 	0.3325 	0.3314 	0.3865 	0.3837 	0.3843 	0.3860 	0.3767 	0.3718 	0.3838 	0.3935 	0.3662 	0.3671 	0.3588 	0.3585 	0.3594 	0.4174 
S,6000,4161901,KWH,I_TAX,EUR,EA	0.3230 	0.2687 	0.2763 	0.2835 	0.2811 	0.2851 	0.2953 	0.2969 	0.3032 	0.3078 	0.3041 	0.3171 	0.3320 	0.3359 	0.3479 	0.3497 	0.3601 	0.3591 	0.3663 	0.3691 	0.3796 	0.3678 	0.3889 	0.4095 	0.4377 	0.4151 	0.4346 	0.4215 	0.4204 	0.4080 
S,6000,4161901,KWH,I_TAX,EUR,EE	: 	0.0812 	0.0838 	0.0872 	0.0945 	0.0947 	0.0995 	0.1030 	0.1008 	0.1069 	0.1143 	0.1152 	0.1424 	0.1408 	0.1347 	0.1374 	0.1347 	0.1322 	0.1247 	0.1280 	0.1237 	0.1370 	0.1537 	0.1592 	0.1644 	0.1633 	0.1560 	0.1607 	0.1702 	0.2112 
S,6000,4161901,KWH,I_TAX,EUR,EL	: 	0.1187 	0.1222 	0.1055 	0.1049 	0.1099 	0.1175 	0.1181 	0.1580 	0.1424 	0.1818 	0.1583 	0.2071 	0.1960 	0.2302 	0.2123 	0.2629 	0.2252 	0.2642 	0.2044 	0.2300 	0.2070 	0.2303 	0.2099 	0.2216 	0.1983 	0.2082 	0.2109 	0.2397 	0.2381 
S,6000,4161901,KWH,I_TAX,EUR,ES	: 	0.2966 	0.3009 	0.3197 	0.3097 	0.3184 	0.3870 	0.3629 	0.3584 	0.3775 	0.3418 	0.3726 	0.3714 	0.4024 	0.4760 	0.4664 	0.5072 	0.5294 	0.5215 	0.5043 	0.5735 	0.5696 	0.5952 	0.5704 	0.6570 	0.5607 	0.6698 	0.6214 	0.5888 	0.5176 
S,6000,4161901,KWH,I_TAX,EUR,EU27_2020	0.2992 	0.2545 	0.2642 	0.2711 	0.2646 	0.2701 	0.2841 	0.2847 	0.2922 	0.2940 	0.2926 	0.3043 	0.3172 	0.3180 	0.3267 	0.3277 	0.3363 	0.3354 	0.3419 	0.3442 	0.3534 	0.3443 	0.3629 	0.3766 	0.4031 	0.3842 	0.3988 	0.3898 	0.3896 	0.3855 
S,6000,4161901,KWH,I_TAX,EUR,FI	: 	0.2038 	0.2149 	0.2267 	0.2429 	0.2465 	0.2505 	0.2585 	0.2790 	0.2860 	0.2851 	0.2920 	0.2949 	0.2980 	0.2967 	0.2989 	0.3039 	0.3016 	0.3091 	0.3156 	0.3352 	0.3412 	0.3446 	0.3642 	0.3712 	0.3770 	0.3657 	0.3740 	0.3684 	0.3733 
S,6000,4161901,KWH,I_TAX,EUR,FR	: 	0.2312 	0.2320 	0.2290 	0.2169 	0.2361 	0.2276 	0.2397 	0.2422 	0.2465 	0.2411 	0.2604 	0.2828 	0.2809 	0.2678 	0.2821 	0.2870 	0.2850 	0.2821 	0.2945 	0.3203 	0.3008 	0.3468 	0.4245 	0.3473 	0.3792 	0.4061 	0.4395 	0.3939 	0.4236 
S,6000,4161901,KWH,I_TAX,EUR,GE	: 	: 	: 	: 	: 	: 	: 	: 	: 	: 	: 	: 	: 	: 	: 	: 	: 	: 	: 	: 	: 	: 	0.0593 	0.0570 	0.0574 	0.0465 	0.0507 	0.0421 	0.0507 	0.0523 
S,6000,4161901,KWH,I_TAX,EUR,HR	0.1481 	0.1831 	0.1967 	0.2076 	0.2059 	0.1877 	0.1896 	0.1836 	0.1822 	0.1928 	0.2229 	0.2310 	0.2386 	0.2175 	0.2286 	0.2092 	0.2156 	0.2046 	0.2266 	0.2089 	0.2035 	0.1966 	0.2176 	0.2098 	0.2182 	0.2035 	0.2082 	0.2147 	0.2024 	0.1986 
S,6000,4161901,KWH,I_TAX,EUR,HU	: 	0.1503 	0.1616 	0.1589 	0.1411 	0.1816 	0.1973 	0.1780 	0.1887 	0.1805 	0.1693 	0.1778 	0.1572 	0.1500 	0.1369 	0.1327 	0.1280 	0.1289 	0.1262 	0.1283 	0.1274 	0.1297 	0.1182 	0.1158 	0.1162 	0.1145 	0.1056 	0.1046 	0.1018 	0.1048 
S,6000,4161901,KWH,I_TAX,EUR,IE	: 	0.4575 	0.4448 	0.4878 	0.4330 	0.4162 	0.4034 	0.4386 	0.4262 	0.5294 	0.5466 	0.5901 	0.6076 	0.6414 	0.6475 	0.6650 	0.6970 	0.4810 	0.4091 	0.4433 	0.4151 	0.4176 	0.3842 	0.3885 	0.3634 	0.4117 	0.3366 	0.4031 	0.4768 	0.4213 
S,6000,4161901,KWH,I_TAX,EUR,IS	: 	: 	: 	: 	: 	: 	: 	: 	: 	: 	0.2015 	0.2101 	0.3111 	0.3154 	0.3242 	0.3243 	0.3302 	0.3458 	0.3495 	0.3887 	0.4048 	0.3831 	0.3791 	0.3579 	0.3433 	0.3414 	0.3181 	0.2974 	0.3225 	0.3300 
S,6000,4161901,KWH,I_TAX,EUR,IT	: 	: 	0.2758 	0.2749 	0.2935 	0.2765 	0.2833 	0.2753 	0.2654 	0.2544 	0.2571 	0.2661 	0.2789 	0.2762 	0.2935 	0.2913 	0.2957 	0.2925 	0.3135 	0.3126 	0.3496 	0.3093 	0.3063 	0.3272 	0.5561 	0.4676 	0.5455 	0.4637 	0.5636 	0.4413 
S,6000,4161901,KWH,I_TAX,EUR,LI	: 	: 	: 	: 	: 	: 	: 	: 	: 	: 	: 	: 	: 	: 	0.1541 	0.1558 	0.1852 	0.1814 	0.1729 	0.1748 	0.1800 	0.1691 	0.3180 	0.3285 	0.3308 	0.3398 	0.3978 	0.3797 	0.3583 	0.3615 
S,6000,4161901,KWH,I_TAX,EUR,LT	: 	0.0959 	0.0922 	0.0923 	0.1011 	0.0984 	0.1212 	0.1262 	0.1278 	0.1360 	0.1315 	0.1312 	0.1421 	0.1434 	0.1367 	0.1355 	0.1287 	0.1275 	0.1261 	0.1197 	0.1137 	0.1130 	0.1121 	0.1122 	0.1303 	0.1300 	0.1496 	0.1360 	0.1455 	0.1733 
S,6000,4161901,KWH,I_TAX,EUR,LU	0.2953 	0.2418 	0.2418 	0.2462 	0.2684 	0.2684 	0.2454 	0.2482 	0.2492 	0.2463 	0.2492 	0.2429 	0.2390 	0.2248 	0.2357 	0.2357 	0.2397 	0.2397 	0.2328 	0.2328 	0.2681 	0.2704 	0.2913 	0.3026 	0.3456 	0.3452 	0.3550 	0.3595 	0.3378 	0.3369 
S,6000,4161901,KWH,I_TAX,EUR,LV	: 	0.0729 	0.0853 	0.1005 	0.1053 	0.1055 	0.1050 	0.1049 	0.1168 	0.1174 	0.1171 	0.1181 	0.1168 	0.1164 	0.1164 	0.1111 	0.1501 	0.1647 	0.1614 	0.1875 	0.1900 	0.1900 	0.2270 	0.1910 	0.2055 	0.2293 	0.2274 	0.2245 	0.2198 	0.2546 
S,6000,4161901,KWH,I_TAX,EUR,MD	: 	: 	: 	: 	: 	: 	: 	: 	: 	: 	: 	: 	: 	: 	: 	: 	0.0794 	0.0861 	0.0940 	0.0888 	0.0942 	0.0972 	0.0993 	0.0948 	0.0912 	0.0972 	0.0995 	0.0896 	0.0762 	0.0768 
S,6000,4161901,KWH,I_TAX,EUR,ME	: 	: 	: 	: 	: 	: 	: 	: 	0.1044 	0.1008 	0.1247 	0.1768 	0.2129 	0.2008 	0.2260 	0.2013 	0.2229 	0.2027 	0.2065 	0.1873 	0.1781 	0.1644 	0.1819 	0.1690 	0.1817 	0.1665 	0.1750 	0.1674 	0.1684 	0.1515 
S,6000,4161901,KWH,I_TAX,EUR,MK	: 	: 	: 	: 	: 	: 	: 	: 	: 	: 	: 	0.0791 	0.0836 	0.0813 	0.0812 	0.0835 	0.0840 	0.0844 	0.0829 	0.0836 	0.0829 	0.0829 	0.0802 	0.0803 	0.0800 	0.0802 	0.0798 	0.0843 	0.0855 	0.0853 
S,6000,4161901,KWH,I_TAX,EUR,MT	: 	: 	0.0466 	0.1271 	0.2483 	0.2273 	0.4235 	0.4166 	0.4278 	0.4332 	0.4385 	0.4386 	0.4265 	0.4276 	0.3882 	0.3679 	0.3738 	0.3704 	0.3522 	0.3640 	0.4047 	0.3712 	0.3677 	0.3708 	0.3628 	0.3657 	0.3705 	0.3662 	0.3688 	0.3507 
S,6000,4161901,KWH,I_TAX,EUR,NL	: 	: 	: 	: 	: 	: 	: 	: 	: 	: 	: 	: 	: 	: 	: 	: 	: 	: 	: 	: 	-0.1168 	-0.1199 	-0.0260 	-0.0510 	0.0864 	0.0983 	-0.2415 	-0.2784 	-0.2813 	-0.2737 
S,6000,4161901,KWH,I_TAX,EUR,NO	: 	0.3642 	0.3929 	0.3845 	0.3705 	0.3797 	0.4573 	0.4463 	0.4738 	0.4528 	0.4567 	0.4534 	0.4636 	0.4336 	0.4124 	0.4089 	0.4041 	0.3696 	0.3729 	0.3915 	0.3965 	0.3843 	0.4144 	0.4306 	0.4328 	0.4169 	0.3618 	0.3599 	0.4306 	0.4697 
S,6000,4161901,KWH,I_TAX,EUR,PL	: 	0.1494 	0.1757 	0.1737 	0.1447 	0.1593 	0.1729 	0.1786 	0.1889 	0.1783 	0.1797 	0.1880 	0.1879 	0.1822 	0.1845 	0.1794 	0.1836 	0.1790 	0.1602 	0.1675 	0.1881 	0.1906 	0.1724 	0.1801 	0.1780 	0.1837 	0.1965 	0.2106 	0.2228 	0.2293 
S,6000,4161901,KWH,I_TAX,EUR,PT	: 	0.1888 	0.3361 	0.3416 	0.3309 	0.3257 	0.3379 	0.3363 	0.3330 	0.3763 	0.3914 	0.3341 	0.3251 	0.3509 	0.3989 	0.3940 	0.3874 	0.3971 	0.3819 	0.3959 	0.3883 	0.3879 	0.4077 	0.4062 	0.3759 	0.3814 	0.3862 	0.3905 	0.3977 	0.4224 
S,6000,4161901,KWH,I_TAX,EUR,RO	: 	0.1092 	0.1073 	0.1096 	0.0982 	0.0964 	0.1039 	0.1044 	0.1084 	0.1103 	0.1085 	0.1100 	0.1357 	0.1317 	0.1334 	0.1300 	0.1366 	0.1362 	0.1302 	0.1265 	0.1213 	0.1293 	0.1332 	0.1308 	0.1340 	0.1425 	0.1471 	0.1463 	0.1564 	0.1629 
S,6000,4161901,KWH,I_TAX,EUR,RS	: 	: 	: 	: 	: 	: 	: 	: 	: 	: 	: 	: 	0.2081 	0.1942 	0.1646 	0.2044 	0.1460 	0.2149 	0.2420 	0.2166 	0.2439 	0.2312 	0.2568 	0.2332 	0.2586 	0.2315 	0.2696 	0.2467 	0.2792 	0.2764 
S,6000,4161901,KWH,I_TAX,EUR,SE	0.2715 	0.2906 	0.2870 	0.2974 	0.2550 	0.2744 	0.3443 	0.3324 	0.3635 	0.3391 	0.3524 	0.3611 	0.3728 	0.3502 	0.3554 	0.3559 	0.3408 	0.3443 	0.3642 	0.3641 	0.3745 	0.3714 	0.4057 	0.3581 	0.4226 	0.4027 	0.3808 e	0.3916 e	0.4051 e	0.4701 e
S,6000,4161901,KWH,I_TAX,EUR,SI	: 	0.2288 	0.1858 	0.1932 	0.2656 	0.2828 	0.2610 	0.2603 	0.2300 	0.2252 	0.2212 	0.2268 	0.2394 	0.2551 	0.2527 	0.2129 	0.2192 	0.2223 	0.1865 	0.1863 	0.2638 	0.2535 	0.3395 	0.3071 	0.3358 	0.3021 	0.2382 	0.3037 	0.3470 	0.3068 
S,6000,4161901,KWH,I_TAX,EUR,SK	: 	0.2230 	0.2355 	0.2555 	0.2349 	0.2335 	0.2246 	0.2376 	0.2320 	0.2462 	0.2563 	0.2630 	0.2734 	0.2617 	0.2389 	0.2447 	0.2447 	0.2516 	0.2154 	0.2549 	0.2400 	0.2351 	0.2460 	0.2370 	0.2556 	0.2486 	0.2582 	0.2680 	0.2574 	0.2570 
S,6000,4161901,KWH,I_TAX,EUR,TR	: 	0.0901 	0.0998 	0.1222 	0.1144 	0.1179 	0.1341 	0.1374 	0.1217 	0.1142 	0.1329 	0.1483 	0.1500 	0.1318 	0.1194 	0.1318 	0.1361 	0.1226 	0.1266 	0.1206 	0.1047 	0.0958 	0.0916 	0.0859 	0.0847 	0.1045 	0.0994 	0.0826 	0.0842 	0.0795 
S,6000,4161901,KWH,I_TAX,EUR,UA	: 	: 	: 	: 	: 	: 	: 	: 	: 	: 	: 	: 	: 	: 	: 	: 	: 	: 	0.0249 p	0.0320 p	0.0393 	0.0383 	0.0308 	0.0338 	0.0339 	0.0387 	0.0344 	0.0291 	0.0492 	: 
S,6000,4161901,KWH,I_TAX,EUR,UK	: 	0.1689 	0.1600 	0.1677 	0.1578 	0.1741 	0.1470 	0.1573 	0.1523 	0.1740 	0.1821 	0.2019 	0.2031 	0.2231 	0.2404 	0.2503 	0.2566 	0.2671 	0.2480 	0.2755 	0.2581 	0.2702 	0.2720 	0.2944 	0.3042 	0.3397 	0.3039 	: 	: 	: 
S,6000,4161901,KWH,I_TAX,EUR,XK	: 	: 	: 	: 	: 	: 	: 	: 	: 	: 	: 	: 	0.0804 	0.0762 	0.0803 	0.1193 	0.0914 	0.1237 	0.0872 	0.1201 	0.0941 	0.0817 	0.0927 	0.0814 	0.0789 	0.0771 	0.0811 	0.0811 	0.0816 	0.0780 
S,6000,4161902,KWH,I_TAX,EUR,AL	: 	: 	: 	: 	: 	: 	: 	: 	0.1152 	0.1157 	0.1163 	0.1167 	0.1156 	0.1154 	0.1156 	0.1160 	0.0812 	0.0819 	0.0824 	0.0835 	0.0844 	0.0856 	: 	0.0910 	0.0920 e	0.0933 	0.0922 e	0.0920 e	: 	0.0937 
S,6000,4161902,KWH,I_TAX,EUR,AT	: 	0.2008 	0.2005 	0.2033 	0.2089 	0.2101 	0.2172 	0.2115 	0.2210 	0.2201 	0.2221 	0.2254 	0.2364 	0.2323 	0.2341 	0.2311 	0.2419 	0.2393 	0.2479 	0.2453 	0.2428 	0.2337 	0.2320 	0.2411 	0.2426 	0.2453 	0.2511 	0.2567 	0.2650 	0.2787 
S,6000,4161902,KWH,I_TAX,EUR,BA	: 	: 	: 	: 	: 	: 	: 	: 	: 	: 	0.0909 	0.0903 	0.0914 	0.0913 	0.0917 	0.0881 	0.0942 	0.0954 	0.0950 	0.0957 	0.0976 	0.0982 	0.0984 	0.0977 	0.0979 	0.0980 	0.0975 	0.1007 	0.0980 	0.0970 
S,6000,4161902,KWH,I_TAX,EUR,BE	: 	0.1867 	0.2172 	0.2467 	0.2156 	0.2088 	0.2207 	0.2194 	0.2369 	0.2366 	0.2327 	0.2436 	0.2343 	0.2400 	0.2245 	0.2157 	0.2249 	0.2528 	0.2823 	0.3096 	0.3218 	0.3270 	0.3028 	0.3180 	0.3075 	0.3099 	0.2998 	0.2938 	0.2910 	0.3161 
S,6000,4161902,KWH,I_TAX,EUR,BG	: 	0.0721 	0.0731 	0.0808 	0.0833 	0.0813 	0.0813 	0.0832 	0.0829 	0.0858 	0.0850 	0.0952 	0.0934 	0.0872 	0.0838 	0.0901 	0.0954 	0.0961 	0.0963 	0.0949 	0.0962 	0.0984 	0.0986 	0.1004 	0.1003 	0.0994 	0.1017 	0.1021 	0.1045 	0.1104 
S,6000,4161902,KWH,I_TAX,EUR,CY	: 	0.1554 	0.1757 	0.1906 	0.1310 	0.1511 	0.1850 	0.2010 	0.2047 	0.2406 	0.2784 	0.2896 	0.2743 	0.2468 	0.2288 	0.2345 	0.1943 	0.1826 	0.1517 	0.1616 	0.1867 	0.1867 	0.2021 	0.2308 	0.2322 	0.2362 	0.2249 	0.1835 	0.2125 	0.2451 
S,6000,4161902,KWH,I_TAX,EUR,CZ	0.1573 	0.1618 	0.1889 	0.1926 	0.1934 	0.2038 	0.1998 	0.2068 	0.2185 	0.2142 	0.2165 	0.2169 	0.2179 	0.2133 	0.1844 	0.1832 	0.1829 	0.1858 	0.1882 	0.1883 	0.1908 	0.1975 	0.2094 	0.2113 	0.2317 	0.2335 	0.2376 	0.2371 	0.2398 	0.2437 
S,6000,4161902,KWH,I_TAX,EUR,DE	0.2258 	0.2340 	0.2389 	0.2439 	0.2528 	0.2534 	0.2622 	0.2695 	0.2774 	0.2777 	0.2844 	0.2927 	0.3169 	0.3176 	0.3228 	0.3230 	0.3212 	0.3207 	0.3263 	0.3297 	0.3362 	0.3361 	0.3322 	0.3342 	0.3453 	0.3244 	0.3430 	0.3343 	0.3527 	0.3588 
S,6000,4161902,KWH,I_TAX,EUR,DK	: 	0.2676 	0.2920 	0.3070 	0.2991 	0.2847 	0.2973 	0.3010 	0.3215 	0.3283 	0.3308 	0.3278 	0.3304 	0.3217 	0.3325 	0.3314 	0.3337 	0.3326 	0.3340 	0.3343 	0.3289 	0.3246 	0.3363 	0.3394 	0.3230 	0.3173 	0.3085 	0.3074 	0.3131 	0.3690 
S,6000,4161902,KWH,I_TAX,EUR,EA	0.2138 	0.1746 	0.1733 	0.1820 	0.1827 	0.1839 	0.1877 	0.1936 	0.2001 	0.2056 	0.2090 	0.2188 	0.2243 	0.2295 	0.2307 	0.2363 	0.2362 	0.2379 	0.2350 	0.2398 	0.2460 	0.2461 	0.2491 	0.2569 	0.2598 	0.2604 	0.2569 	0.2588 	0.2618 	0.2774 
S,6000,4161902,KWH,I_TAX,EUR,EE	: 	0.0799 	0.0830 	0.0865 	0.0939 	0.0938 	0.0989 	0.1020 	0.0995 	0.1060 	0.1121 	0.1143 	0.1392 	0.1390 	0.1345 	0.1355 	0.1338 	0.1329 	0.1241 	0.1268 	0.1217 	0.1352 	0.1393 	0.1457 	0.1452 	0.1468 	0.1378 	0.1422 	0.1481 	0.1926 
S,6000,4161902,KWH,I_TAX,EUR,EL	: 	0.0931 	0.0906 	0.0935 	0.0972 	0.0919 	0.1027 	0.1053 	0.1078 	0.1112 	0.1232 	0.1279 	0.1440 	0.1631 	0.1675 	0.1775 	0.1803 	0.1812 	0.1692 	0.1747 	0.1706 	0.1660 	0.1699 	0.1705 	0.1613 	0.1606 	0.1697 	0.1707 	0.1732 	0.2011 
S,6000,4161902,KWH,I_TAX,EUR,ES	: 	0.1622 	0.1583 	0.1798 	0.1779 	0.1916 	0.1978 	0.2085 	0.2193 	0.2319 	0.2426 	0.2516 	0.2434 	0.2559 	0.2591 	0.2755 	0.2715 	0.2852 	0.2672 	0.2789 	0.2859 	0.2687 	0.2929 	0.3044 	0.2995 	0.2953 	0.2831 	0.2897 	0.2885 	0.3272 
S,6000,4161902,KWH,I_TAX,EUR,EU27_2020	0.1974 	0.1707 	0.1714 	0.1797 	0.1782 	0.1799 	0.1848 	0.1907 	0.1977 	0.2013 	0.2043 	0.2132 	0.2181 	0.2211 	0.2207 	0.2250 	0.2246 	0.2260 	0.2236 	0.2279 	0.2325 	0.2332 	0.2359 	0.2425 	0.2455 	0.2461 	0.2418 	0.2429 	0.2481 	0.2649 
S,6000,4161902,KWH,I_TAX,EUR,FI	: 	0.1400 	0.1472 	0.1530 	0.1632 	0.1646 	0.1681 	0.1744 	0.1929 	0.1975 	0.1952 	0.1972 	0.2007 	0.1999 	0.2015 	0.2004 	0.2020 	0.2004 	0.2039 	0.2065 	0.2155 	0.2192 	0.2219 	0.2340 	0.2389 	0.2461 	0.2379 	0.2431 	0.2412 	0.2486 
S,6000,4161902,KWH,I_TAX,EUR,FR	: 	0.1433 	0.1411 	0.1408 	0.1397 	0.1413 	0.1466 	0.1542 	0.1558 	0.1609 	0.1569 	0.1706 	0.1744 	0.1816 	0.1769 	0.1899 	0.1885 	0.1868 	0.1858 	0.1894 	0.1946 	0.2008 	0.2019 	0.2110 	0.2077 	0.2228 	0.2240 	0.2327 	0.2282 	0.2398 
S,6000,4161902,KWH,I_TAX,EUR,GE	: 	: 	: 	: 	: 	: 	: 	: 	: 	: 	: 	: 	: 	: 	: 	: 	: 	: 	: 	: 	: 	: 	0.0639 	0.0667 	0.0721 	0.0550 	0.0596 	0.0512 	0.0593 	0.0602 
S,6000,4161902,KWH,I_TAX,EUR,HR	0.1223 	0.1093 	0.1100 	0.1282 	0.1233 	0.1137 	0.1134 	0.1128 	0.1118 	0.1239 	0.1325 	0.1497 	0.1494 	0.1465 	0.1430 	0.1428 	0.1431 	0.1412 	0.1422 	0.1435 	0.1304 	0.1332 	0.1412 	0.1423 	0.1433 	0.1416 	0.1396 	0.1400 	0.1373 	0.1400 
S,6000,4161902,KWH,I_TAX,EUR,HU	: 	0.1503 	0.1608 	0.1585 	0.1534 	0.1739 	0.1768 	0.1661 	0.1728 	0.1661 	0.1629 	0.1685 	0.1470 	0.1381 	0.1249 	0.1191 	0.1167 	0.1186 	0.1155 	0.1169 	0.1169 	0.1177 	0.1199 	0.1141 	0.1144 	0.1114 	0.1035 	0.1017 	0.1014 	0.1017 
S,6000,4161902,KWH,I_TAX,EUR,IE	: 	0.2242 	0.2087 	0.2369 	0.2331 	0.2150 	0.2107 	0.2194 	0.2353 	0.2503 	0.2618 	0.2786 	0.2794 	0.2987 	0.2995 	0.3212 	0.3098 	0.3066 	0.2831 	0.2979 	0.2983 	0.3018 	0.3062 	0.3272 	0.3001 	0.3169 	0.2909 	0.3135 	0.3343 	0.3799 
S,6000,4161902,KWH,I_TAX,EUR,IS	: 	: 	: 	: 	: 	: 	: 	: 	: 	: 	0.1486 	0.1554 	0.1322 	0.1347 	0.1413 	0.1450 	0.1493 	0.1575 	0.1625 	0.1826 	0.1957 	0.1855 	0.1867 	0.1761 	0.1710 	0.1714 	0.1607 	0.1499 	0.1628 	0.1673 
S,6000,4161902,KWH,I_TAX,EUR,IT	: 	: 	0.1577 	0.1779 	0.1710 	0.1674 	0.1626 	0.1620 	0.1635 	0.1731 	0.1855 	0.2014 	0.1959 	0.2005 	0.2112 	0.2099 	0.2082 	0.2131 	0.2102 	0.2127 	0.2158 	0.2235 	0.2176 	0.2338 	0.2431 	0.2521 	0.2458 	0.2480 	0.2558 	0.2673 
S,6000,4161902,KWH,I_TAX,EUR,LI	: 	: 	: 	: 	: 	: 	: 	: 	: 	: 	: 	: 	: 	: 	0.1541 	0.1558 	0.1852 	0.1814 	0.1733 	0.1751 	0.1779 	0.1671 	0.2153 	0.2202 	0.2230 	0.2298 	0.2374 	0.2328 	0.2322 	0.3342 
S,6000,4161902,KWH,I_TAX,EUR,LT	: 	0.0901 	0.0893 	0.0894 	0.0981 	0.0956 	0.1182 	0.1239 	0.1251 	0.1275 	0.1290 	0.1291 	0.1393 	0.1413 	0.1351 	0.1339 	0.1278 	0.1263 	0.1251 	0.1188 	0.1131 	0.1123 	0.1114 	0.1113 	0.1277 	0.1276 	0.1451 	0.1342 	0.1377 	0.1504 
S,6000,4161902,KWH,I_TAX,EUR,LU	0.2219 	0.1840 	0.1840 	0.1869 	0.2052 	0.2052 	0.1906 	0.1931 	0.1863 	0.1847 	0.1886 	0.1895 	0.1855 	0.1797 	0.1893 	0.1893 	0.1924 	0.1924 	0.1855 	0.1855 	0.1880 	0.1889 	0.1981 	0.2001 	0.2138 	0.2140 	0.2358 	0.2356 	0.2332 	0.2333 
S,6000,4161902,KWH,I_TAX,EUR,LV	: 	0.0729 	0.0849 	0.1005 	0.1052 	0.1054 	0.1049 	0.1048 	0.1167 	0.1201 	0.1310 	0.1218 	0.1307 	0.1214 	0.1298 	0.1151 	0.1640 	0.1657 	0.1630 	0.1662 	0.1639 	0.1635 	0.1618 	0.1583 	0.1729 	0.1736 	0.1815 	0.1814 	0.1702 	0.1927 
S,6000,4161902,KWH,I_TAX,EUR,MD	: 	: 	: 	: 	: 	: 	: 	: 	: 	: 	: 	: 	: 	: 	: 	: 	0.0805 	0.0857 	0.0949 	0.0905 	0.0960 	0.0992 	0.1007 	0.0985 	0.0924 	0.1001 	0.1031 	0.0938 	0.0805 	0.0817 
S,6000,4161902,KWH,I_TAX,EUR,ME	: 	: 	: 	: 	: 	: 	: 	: 	0.0897 	0.0876 	0.0960 	0.1079 	0.1115 	0.1150 	0.1155 	0.1153 	0.1145 	0.1151 	0.1104 	0.1120 	0.1095 	0.1112 	0.1135 	0.1144 	0.1135 	0.1128 	0.1066 	0.1084 	0.1051 	0.1061 
S,6000,4161902,KWH,I_TAX,EUR,MK	: 	: 	: 	: 	: 	: 	: 	: 	: 	: 	: 	0.0791 	0.0823 	0.0800 	0.0800 	0.0825 	0.0839 	0.0837 	0.0828 	0.0834 	0.0828 	0.0820 	0.0793 	0.0795 	0.0793 	0.0795 	0.0791 	0.0837 	0.0848 	0.0845 
S,6000,4161902,KWH,I_TAX,EUR,MT	: 	0.0459 	0.0619 	0.1323 	0.1906 	0.1711 	0.1905 	0.1927 	0.1901 	0.1942 	0.1924 	0.1949 	0.1896 	0.1956 	0.1672 	0.1445 	0.1424 	0.1457 	0.1416 	0.1457 	0.1494 	0.1478 	0.1453 	0.1485 	0.1468 	0.1492 	0.1471 	0.1500 	0.1476 	0.1477 
S,6000,4161902,KWH,I_TAX,EUR,NL	0.1377 	0.1359 	0.1343 	0.1391 	0.1448 	0.1365 	0.1202 	0.1251 	0.1282 	0.1273 	0.1343 	0.1335 	0.1397 	0.1388 	0.1252 	0.1198 	0.1562 	0.1347 	0.1141 	0.1117 	0.1061 	0.1052 	0.1263 	0.1239 	0.1841 	0.1831 	0.0598 	0.0491 	0.0375 	0.0551 
S,6000,4161902,KWH,I_TAX,EUR,NO	: 	0.2272 	0.2466 	0.2474 	0.2337 	0.2370 	0.2947 	0.2829 	0.3074 	0.2829 	0.2850 	0.2771 	0.2893 	0.2701 	0.2545 	0.2537 	0.2490 	0.2250 	0.2314 	0.2456 	0.2481 	0.2412 	0.2615 	0.2773 	0.2755 	0.2620 	0.2172 	0.2144 	0.2721 	0.3105 
S,6000,4161902,KWH,I_TAX,EUR,PL	: 	0.1408 	0.1329 	0.1406 	0.1213 	0.1303 	0.1436 	0.1487 	0.1587 	0.1444 	0.1506 	0.1575 	0.1535 	0.1508 	0.1480 	0.1486 	0.1535 	0.1500 	0.1408 	0.1432 	0.1584 	0.1589 	0.1517 	0.1534 	0.1442 	0.1470 	0.1582 	0.1634 	0.1702 	0.1740 
S,6000,4161902,KWH,I_TAX,EUR,PT	: 	0.1552 	0.1695 	0.1742 	0.1713 	0.1807 	0.1798 	0.1866 	0.1862 	0.2114 	0.2238 	0.2280 	0.2304 	0.2346 	0.2375 	0.2420 	0.2471 	0.2481 	0.2556 	0.2496 	0.2503 	0.2438 	0.2470 	0.2523 	0.2375 	0.2416 	0.2340 	0.2366 	0.2294 	0.2376 
S,6000,4161902,KWH,I_TAX,EUR,RO	: 	0.1170 	0.1075 	0.1080 	0.0980 	0.0978 	0.1035 	0.1060 	0.1100 	0.1101 	0.1084 	0.1104 	0.1347 	0.1303 	0.1322 	0.1293 	0.1330 	0.1343 	0.1285 	0.1255 	0.1211 	0.1307 	0.1352 	0.1330 	0.1360 	0.1422 	0.1462 	0.1457 	0.1555 	0.1629 
S,6000,4161902,KWH,I_TAX,EUR,RS	: 	: 	: 	: 	: 	: 	: 	: 	: 	: 	: 	: 	0.0673 	0.0706 	0.0658 	0.0712 	0.0610 	0.0746 	0.0750 	0.0759 	0.0776 	0.0805 	0.0825 	0.0820 	0.0827 	0.0833 	0.0863 	0.0849 	0.0930 	0.0968 
S,6000,4161902,KWH,I_TAX,EUR,SE	0.1567 	0.1734 	0.1874 	0.1949 	0.1795 	0.1819 	0.1992 	0.2119 	0.2282 	0.2225 	0.2214 	0.2264 	0.2318 	0.2229 	0.2184 	0.2162 	0.2067 	0.2088 	0.2140 	0.2195 	0.2193 	0.2231 	0.2242 	0.2289 	0.2413 	0.2417 	0.2115 e	0.2038 e	0.2389 e	0.2874 e
S,6000,4161902,KWH,I_TAX,EUR,SI	: 	0.1310 	0.1296 	0.1314 	0.1587 	0.1595 	0.1672 	0.1700 	0.1673 	0.1702 	0.1749 	0.1770 	0.1885 	0.1976 	0.1950 	0.1932 	0.1900 	0.1957 	0.1984 	0.1993 	0.1949 	0.1981 	0.1998 	0.2030 	0.2021 	0.2043 	0.1666 	0.2075 	0.2073 	0.2115 
S,6000,4161902,KWH,I_TAX,EUR,SK	: 	0.1615 	0.1672 	0.1784 	0.1743 	0.1703 	0.1714 	0.1841 	0.1890 	0.1914 	0.1948 	0.1954 	0.1918 	0.1908 	0.1699 	0.1718 	0.1742 	0.1748 	0.1588 	0.1788 	0.1699 	0.1680 	0.1823 	0.1682 	0.1831 	0.1823 	0.1908 	0.1949 	0.1895 	0.1836 
S,6000,4161902,KWH,I_TAX,EUR,TR	: 	0.0901 	0.0998 	0.1222 	0.1144 	0.1179 	0.1341 	0.1374 	0.1218 	0.1146 	0.1321 	0.1481 	0.1498 	0.1315 	0.1196 	0.1309 	0.1361 	0.1224 	0.1266 	0.1206 	0.1048 	0.0959 	0.0913 	0.0859 	0.0847 	0.1045 	0.0995 	0.0825 	0.0837 	0.0789 
S,6000,4161902,KWH,I_TAX,EUR,UA	: 	: 	: 	: 	: 	: 	: 	: 	: 	: 	: 	: 	: 	: 	: 	: 	: 	: 	0.0249 p	0.0320 p	0.0393 	0.0383 	0.0358 	0.0359 	0.0385 	0.0424 	0.0421 	0.0337 	0.0487 	: 
S,6000,4161902,KWH,I_TAX,EUR,UK	: 	0.1630 	0.1536 	0.1652 	0.1533 	0.1539 	0.1484 	0.1568 	0.1531 	0.1728 	0.1823 	0.1965 	0.1893 	0.1958 	0.2127 	0.2230 	0.2352 	0.2425 	0.2221 	0.2119 	0.1992 	0.2084 	0.2120 	0.2275 	0.2382 	0.2461 	0.2450 	: 	: 	: 
S,6000,4161902,KWH,I_TAX,EUR,XK	: 	: 	: 	: 	: 	: 	: 	: 	: 	: 	: 	: 	0.0562 	0.0564 	0.0556 	0.0666 	0.0622 	0.0693 	0.0585 	0.0668 	0.0670 	0.0690 	0.0684 	0.0673 	0.0639 	0.0644 	0.0642 	0.0646 	0.0642 	0.0644 
S,6000,4161903,KWH,I_TAX,EUR,AL	: 	: 	: 	: 	: 	: 	: 	: 	0.1152 	0.1157 	0.1163 	0.1167 	0.1156 	0.1154 	0.1156 	0.1160 	0.0812 	0.0819 	0.0824 	0.0835 	0.0844 	0.0856 	: 	0.0910 	0.0920 e	0.0933 	0.0922 e	0.0920 e	: 	0.0937 
S,6000,4161903,KWH,I_TAX,EUR,AT	: 	0.1740 	0.1779 	0.1772 	0.1909 	0.1909 	0.1967 	0.1930 	0.1986 	0.1965 	0.1975 	0.2024 	0.2082 	0.2018 	0.2021 	0.1987 	0.2009 	0.1983 	0.2034 	0.2010 	0.1950 	0.1978 	0.1966 	0.2012 	0.2034 	0.2074 	0.2111 	0.2167 	0.2216 	0.2285 
S,6000,4161903,KWH,I_TAX,EUR,BA	: 	: 	: 	: 	: 	: 	0.0741 	0.0735 	0.0745 	0.0785 	0.0798 	0.0804 	0.0803 	0.0796 	0.0791 	0.0805 	0.0812 	0.0828 	0.0831 	0.0844 	0.0859 	0.0864 	0.0864 	0.0871 	0.0873 	0.0875 	0.0870 	0.0901 	0.0875 	0.0868 
S,6000,4161903,KWH,I_TAX,EUR,BE	: 	0.1683 	0.1972 	0.2152 	0.1916 	0.1864 	0.1959 	0.1974 	0.2136 	0.2119 	0.2327 	0.2223 	0.2173 	0.2215 	0.2097 	0.2043 	0.2126 	0.2352 	0.2544 	0.2745 	0.2857 	0.2877 	0.2824 	0.2936 	0.2839 	0.2860 	0.2792 	0.2702 	0.2702 	0.2994 
S,6000,4161903,KWH,I_TAX,EUR,BG	: 	0.0721 	0.0711 	0.0823 	0.0823 	0.0818 	0.0813 	0.0830 	0.0826 	0.0874 	0.0846 	0.0955 	0.0924 	0.0882 	0.0832 	0.0895 	0.0942 	0.0957 	0.0956 	0.0938 	0.0955 	0.0983 	0.0979 	0.1005 	0.0997 	0.0958 	0.0997 	0.0982 	0.1024 	0.1091 
S,6000,4161903,KWH,I_TAX,EUR,CY	: 	0.1573 	0.1780 	0.2040 	0.1558 	0.1642 	0.1858 	0.2021 	0.2050 	0.2413 	0.2781 	0.2909 	0.2760 	0.2481 	0.2291 	0.2356 	0.1957 	0.1838 	0.1527 	0.1621 	0.1863 	0.1826 	0.1893 	0.2183 	0.2203 	0.2236 	0.2133 	0.1698 	0.1976 	0.2304 
S,6000,4161903,KWH,I_TAX,EUR,CZ	0.1144 	0.1176 	0.1401 	0.1428 	0.1455 	0.1533 	0.1496 	0.1549 	0.1659 	0.1627 	0.1664 	0.1668 	0.1681 	0.1645 	0.1388 	0.1379 	0.1385 	0.1408 	0.1420 	0.1421 	0.1438 	0.1488 	0.1573 	0.1586 	0.1748 	0.1770 	0.1841 	0.1795 	0.1802 	0.1883 
S,6000,4161903,KWH,I_TAX,EUR,DE	0.2025 	0.2105 	0.2148 	0.2195 	0.2282 	0.2294 	0.2375 	0.2438 	0.2528 	0.2531 	0.2595 	0.2676 	0.2919 	0.2921 	0.2981 	0.2974 	0.2951 	0.2946 	0.2969 	0.2977 	0.3048 	0.3048 	0.2987 	0.3000 	0.3088 	0.2878 	0.3043 	0.3006 	0.3193 	0.3234 
S,6000,4161903,KWH,I_TAX,EUR,DK	: 	0.2401 	0.2635 	0.2785 	0.2699 	0.2555 	0.2670 	0.2708 	0.2908 	0.2976 	0.2997 	0.2972 	0.3000 	0.2936 	0.3042 	0.3035 	0.3068 	0.3042 	0.3088 	0.3084 	0.3049 	0.3010 	0.3126 	0.3123 	0.2984 	0.2924 	0.2833 	0.2819 	0.2900 	0.3448 
S,6000,4161903,KWH,I_TAX,EUR,EA	0.1987 	0.1569 	0.1635 	0.1709 	0.1727 	0.1722 	0.1761 	0.1813 	0.1893 	0.1938 	0.1972 	0.2056 	0.2112 	0.2147 	0.2161 	0.2203 	0.2199 	0.2206 	0.2162 	0.2179 	0.2208 	0.2200 	0.2220 	0.2271 	0.2295 	0.2293 	0.2263 	0.2272 	0.2322 	0.2474 
S,6000,4161903,KWH,I_TAX,EUR,EE	: 	0.0786 	0.0814 	0.0850 	0.0922 	0.0920 	0.0970 	0.1004 	0.0973 	0.1042 	0.1096 	0.1123 	0.1351 	0.1367 	0.1307 	0.1325 	0.1302 	0.1291 	0.1208 	0.1238 	0.1207 	0.1319 	0.1348 	0.1418 	0.1357 	0.1411 	0.1236 	0.1291 	0.1324 	0.1939 
S,6000,4161903,KWH,I_TAX,EUR,EL	: 	0.0984 	0.1047 	0.1099 	0.1154 	0.1032 	0.1181 	0.1211 	0.1250 	0.1238 	0.1391 	0.1418 	0.1563 	0.1697 	0.1767 	0.1785 	0.1767 	0.1771 	0.1716 	0.1723 	0.1711 	0.1620 	0.1672 	0.1646 	0.1595 	0.1551 	0.1674 	0.1641 	0.1680 	0.1974 
S,6000,4161903,KWH,I_TAX,EUR,ES	: 	0.1400 	0.1366 	0.1557 	0.1577 	0.1684 	0.1728 	0.1851 	0.1981 	0.2088 	0.2190 	0.2275 	0.2228 	0.2273 	0.2165 	0.2367 	0.2309 	0.2370 	0.2185 	0.2284 	0.2296 	0.2177 	0.2383 	0.2477 	0.2403 	0.2394 	0.2239 	0.2298 	0.2323 	0.2816 
S,6000,4161903,KWH,I_TAX,EUR,EU27_2020	0.1826 	0.1537 	0.1604 	0.1676 	0.1670 	0.1677 	0.1725 	0.1777 	0.1858 	0.1886 	0.1916 	0.1996 	0.2042 	0.2062 	0.2058 	0.2084 	0.2083 	0.2089 	0.2051 	0.2069 	0.2086 	0.2087 	0.2099 	0.2146 	0.2170 	0.2170 	0.2134 	0.2134 	0.2203 	0.2369 
S,6000,4161903,KWH,I_TAX,EUR,FI	: 	0.1149 	0.1223 	0.1273 	0.1296 	0.1289 	0.1325 	0.1370 	0.1540 	0.1573 	0.1549 	0.1559 	0.1578 	0.1559 	0.1563 	0.1538 	0.1552 	0.1530 	0.1541 	0.1545 	0.1581 	0.1599 	0.1612 	0.1698 	0.1734 	0.1783 	0.1740 	0.1773 	0.1767 	0.1840 
S,6000,4161903,KWH,I_TAX,EUR,FR	: 	0.1222 	0.1213 	0.1203 	0.1206 	0.1207 	0.1283 	0.1350 	0.1383 	0.1422 	0.1392 	0.1501 	0.1524 	0.1596 	0.1585 	0.1702 	0.1676 	0.1682 	0.1685 	0.1711 	0.1704 	0.1756 	0.1748 	0.1799 	0.1778 	0.1913 	0.1893 	0.1958 	0.1946 	0.2022 
S,6000,4161903,KWH,I_TAX,EUR,GE	: 	: 	: 	: 	: 	: 	: 	: 	: 	: 	: 	: 	: 	: 	: 	: 	: 	: 	: 	: 	: 	: 	0.0685 	0.0741 	0.0809 	0.0619 	0.0663 	0.0568 	0.0631 	0.0660 
S,6000,4161903,KWH,I_TAX,EUR,HR	0.0924 	0.0984 	0.0990 	0.1184 	0.1151 	0.1164 	0.1151 	0.1153 	0.1137 	0.1146 	0.1208 	0.1384 	0.1372 	0.1350 	0.1312 	0.1324 	0.1317 	0.1312 	0.1311 	0.1331 	0.1196 	0.1236 	0.1311 	0.1321 	0.1321 	0.1324 	0.1301 	0.1307 	0.1291 	0.1313 
S,6000,4161903,KWH,I_TAX,EUR,HU	: 	0.1296 	0.1548 	0.1553 	0.1483 	0.1662 	0.1701 	0.1574 	0.1682 	0.1553 	0.1549 	0.1618 	0.1397 	0.1326 	0.1202 	0.1146 	0.1127 	0.1145 	0.1114 	0.1125 	0.1125 	0.1134 	0.1123 	0.1118 	0.1120 	0.1097 	0.1031 	0.1009 	0.1003 	0.1001 
S,6000,4161903,KWH,I_TAX,EUR,IE	: 	0.1918 	0.1769 	0.2033 	0.2030 	0.1855 	0.1804 	0.1875 	0.1901 	0.2086 	0.2155 	0.2289 	0.2295 	0.2405 	0.2407 	0.2536 	0.2426 	0.2454 	0.2320 	0.2338 	0.2305 	0.2355 	0.2369 	0.2539 	0.2423 	0.2546 	0.2413 	0.2616 	0.2555 	0.2974 
S,6000,4161903,KWH,I_TAX,EUR,IS	: 	: 	: 	: 	: 	: 	: 	: 	: 	: 	0.1110 	0.1164 	0.1053 	0.1072 	0.1133 	0.1158 	0.1197 	0.1265 	0.1312 	0.1478 	0.1598 	0.1518 	0.1545 	0.1457 	0.1429 	0.1431 	0.1341 	0.1248 	0.1355 	0.1387 
S,6000,4161903,KWH,I_TAX,EUR,IT	: 	: 	0.2031 	0.2227 	0.2098 	0.1997 	0.1965 	0.1920 	0.1987 	0.2065 	0.2132 	0.2297 	0.2292 	0.2323 	0.2446 	0.2338 	0.2450 	0.2428 	0.2342 	0.2261 	0.2132 	0.2080 	0.2067 	0.2161 	0.2301 	0.2341 	0.2226 	0.2153 	0.2259 	0.2360 
S,6000,4161903,KWH,I_TAX,EUR,LI	: 	: 	: 	: 	: 	: 	: 	: 	: 	: 	: 	: 	: 	: 	0.1531 	0.1548 	0.1841 	0.1803 	0.1728 	0.1747 	0.1724 	0.1618 	0.1916 	0.1962 	0.1985 	0.2048 	0.2115 	0.2078 	0.2071 	0.2121 
S,6000,4161903,KWH,I_TAX,EUR,LT	: 	0.0870 	0.0860 	0.0865 	0.0951 	0.0926 	0.1156 	0.1216 	0.1214 	0.1221 	0.1260 	0.1268 	0.1370 	0.1391 	0.1330 	0.1319 	0.1256 	0.1243 	0.1231 	0.1171 	0.1116 	0.1107 	0.1097 	0.1097 	0.1255 	0.1254 	0.1426 	0.1321 	0.1348 	0.1477 
S,6000,4161903,KWH,I_TAX,EUR,LU	0.1684 	0.1645 	0.1645 	0.1609 	0.1882 	0.1882 	0.1726 	0.1747 	0.1678 	0.1662 	0.1696 	0.1706 	0.1665 	0.1646 	0.1738 	0.1738 	0.1767 	0.1767 	0.1698 	0.1698 	0.1615 	0.1618 	0.1671 	0.1691 	0.1798 	0.1799 	0.1986 	0.1985 	0.1988 	0.1989 
S,6000,4161903,KWH,I_TAX,EUR,LV	: 	0.0729 	0.0842 	0.1003 	0.1052 	0.1054 	0.1049 	0.1048 	0.1168 	0.1342 	0.1382 	0.1369 	0.1378 	0.1358 	0.1365 	0.1301 	0.1635 	0.1650 	0.1628 	0.1624 	0.1586 	0.1582 	0.1531 	0.1511 	0.1629 	0.1640 	0.1420 	0.1432 	0.1403 	0.1886 
S,6000,4161903,KWH,I_TAX,EUR,MD	: 	: 	: 	: 	: 	: 	: 	: 	: 	: 	: 	: 	: 	: 	: 	: 	0.0819 	0.0881 	0.0962 	0.0923 	0.0977 	0.1013 	0.1020 	0.1029 	0.0936 	0.1019 	0.1068 	0.0993 	0.0851 	0.0888 
S,6000,4161903,KWH,I_TAX,EUR,ME	: 	: 	: 	: 	: 	: 	: 	: 	0.0870 	0.0852 	0.0910 	0.0950 	0.0956 	0.0988 	0.0985 	0.0988 	0.0982 	0.0988 	0.0956 	0.0970 	0.0983 	0.1003 	0.1024 	0.1030 	0.1032 	0.1028 	0.0988 	0.0999 	0.0980 	0.0974 
S,6000,4161903,KWH,I_TAX,EUR,MK	: 	: 	: 	: 	: 	: 	: 	: 	: 	: 	: 	0.0791 	0.0810 	0.0780 	0.0785 	0.0823 	0.0826 	0.0835 	0.0822 	0.0828 	0.0820 	0.0811 	0.0781 	0.0787 	0.0783 	0.0790 	0.0782 	0.0833 	0.0841 	0.0840 
S,6000,4161903,KWH,I_TAX,EUR,MT	: 	0.0918 	0.0993 	0.1536 	0.1708 	0.1513 	0.1647 	0.1653 	0.1651 	0.1666 	0.1673 	0.1678 	0.1664 	0.1689 	0.1474 	0.1248 	0.1257 	0.1269 	0.1257 	0.1274 	0.1328 	0.1298 	0.1285 	0.1307 	0.1290 	0.1304 	0.1284 	0.1301 	0.1285 	0.1317 
S,6000,4161903,KWH,I_TAX,EUR,NL	0.1759 	0.1741 	0.1769 	0.1798 	0.1979 	0.1906 	0.1767 	0.1789 	0.1802 	0.1801 	0.1850 	0.1864 	0.1898 	0.1905 	0.1841 	0.1801 	0.1986 	0.1846 	0.1620 	0.1592 	0.1562 	0.1556 	0.1706 	0.1718 	0.2067 	0.2055 	0.1427 	0.1361 	0.1281 	0.1449 
S,6000,4161903,KWH,I_TAX,EUR,NO	: 	0.1498 	0.1639 	0.1700 	0.1565 	0.1563 	0.2027 	0.1907 	0.2133 	0.1870 	0.1881 	0.1775 	0.1909 	0.1778 	0.1653 	0.1661 	0.1614 	0.1434 	0.1515 	0.1631 	0.1642 	0.1605 	0.1751 	0.1907 	0.1867 	0.1744 	0.1355 	0.1322 	0.1826 	0.2206 
S,6000,4161903,KWH,I_TAX,EUR,PL	: 	0.1380 	0.1259 	0.1295 	0.1131 	0.1291 	0.1341 	0.1382 	0.1471 	0.1351 	0.1418 	0.1529 	0.1480 	0.1437 	0.1421 	0.1408 	0.1444 	0.1418 	0.1332 	0.1352 	0.1446 	0.1451 	0.1410 	0.1396 	0.1343 	0.1376 	0.1475 	0.1510 	0.1548 	0.1574 
S,6000,4161903,KWH,I_TAX,EUR,PT	: 	0.1562 	0.1482 	0.1525 	0.1508 	0.1594 	0.1584 	0.1666 	0.1654 	0.1881 	0.1993 	0.2063 	0.2081 	0.2131 	0.2175 	0.2231 	0.2279 	0.2285 	0.2350 	0.2298 	0.2284 	0.2230 	0.2246 	0.2293 	0.2150 	0.2181 	0.2120 	0.2133 	0.2089 	0.2170 
S,6000,4161903,KWH,I_TAX,EUR,RO	: 	0.1141 	0.1061 	0.1103 	0.0976 	0.0979 	0.1031 	0.1052 	0.1082 	0.1085 	0.1050 	0.1075 	0.1323 	0.1279 	0.1290 	0.1248 	0.1303 	0.1319 	0.1260 	0.1233 	0.1198 	0.1289 	0.1333 	0.1317 	0.1358 	0.1421 	0.1459 	0.1449 	0.1536 	0.1602 
S,6000,4161903,KWH,I_TAX,EUR,RS	: 	: 	: 	: 	: 	: 	: 	: 	: 	: 	: 	: 	0.0564 	0.0608 	0.0607 	0.0596 	0.0575 	0.0645 	0.0641 	0.0654 	0.0664 	0.0695 	0.0705 	0.0709 	0.0706 	0.0721 	0.0738 	0.0737 	0.0791 	0.0811 
S,6000,4161903,KWH,I_TAX,EUR,SE	0.1558 	0.1613 	0.1698 	0.1746 	0.1602 	0.1646 	0.1839 	0.1958 	0.2092 	0.2044 	0.2027 	0.2083 	0.2101 	0.2046 	0.1967 	0.1867 	0.1851 	0.1874 	0.1894 	0.1962 	0.1936 	0.1993 	0.1891 	0.1990 	0.2058 	0.2076 	0.1826 e	0.1718 e	0.2114 e	0.2604 e
S,6000,4161903,KWH,I_TAX,EUR,SI	: 	0.1116 	0.1147 	0.1156 	0.1346 	0.1341 	0.1401 	0.1426 	0.1441 	0.1492 	0.1542 	0.1542 	0.1610 	0.1657 	0.1630 	0.1632 	0.1589 	0.1631 	0.1618 	0.1629 	0.1609 	0.1613 	0.1613 	0.1638 	0.1634 	0.1666 	0.1448 	0.1694 	0.1662 	0.1711 
S,6000,4161903,KWH,I_TAX,EUR,SK	: 	0.1370 	0.1421 	0.1526 	0.1540 	0.1560 	0.1520 	0.1637 	0.1682 	0.1710 	0.1716 	0.1722 	0.1698 	0.1678 	0.1507 	0.1523 	0.1506 	0.1517 	0.1423 	0.1537 	0.1435 	0.1442 	0.1566 	0.1462 	0.1577 	0.1585 	0.1686 	0.1724 	0.1668 	0.1624 
S,6000,4161903,KWH,I_TAX,EUR,TR	: 	0.0901 	0.0998 	0.1222 	0.1144 	0.1179 	0.1342 	0.1374 	0.1218 	0.1145 	0.1310 	0.1470 	0.1495 	0.1314 	0.1192 	0.1310 	0.1360 	0.1222 	0.1267 	0.1205 	0.1048 	0.0959 	0.0904 	0.0857 	0.0847 	0.1043 	0.0995 	0.0822 	0.0834 	0.0788 
S,6000,4161903,KWH,I_TAX,EUR,UA	: 	: 	: 	: 	: 	: 	: 	: 	: 	: 	: 	: 	: 	: 	: 	: 	: 	: 	0.0249 p	0.0320 p	0.0393 	0.0383 	0.0410 	0.0410 	0.0442 	0.0487 	0.0466 	0.0396 	0.0485 	: 
S,6000,4161903,KWH,I_TAX,EUR,UK	: 	0.1481 	0.1458 	0.1603 	0.1466 	0.1407 	0.1386 	0.1449 	0.1433 	0.1584 	0.1682 	0.1785 	0.1741 	0.1797 	0.1918 	0.2013 	0.2125 	0.2183 	0.1951 	0.1831 	0.1766 	0.1856 	0.1887 	0.2024 	0.2122 	0.2210 	0.2203 	: 	: 	: 
S,6000,4161903,KWH,I_TAX,EUR,XK	: 	: 	: 	: 	: 	: 	: 	: 	: 	: 	: 	: 	0.0564 	0.0558 	0.0552 	0.0586 	0.0625 	0.0614 	0.0590 	0.0592 	0.0662 	0.0654 	0.0633 	0.0638 	0.0600 	0.0605 	0.0605 	0.0608 	0.0605 	0.0607 
S,6000,4161904,KWH,I_TAX,EUR,AL	: 	: 	: 	: 	: 	: 	: 	: 	0.1152 	0.1157 	0.1163 	0.1167 	0.1156 	0.1154 	0.1156 	0.1160 	0.0812 	0.0819 	0.0824 	0.0835 	0.0844 	0.0856 	: 	0.0910 	0.0920 e	0.0933 	0.0922 e	0.0920 e	: 	0.0937 
S,6000,4161904,KWH,I_TAX,EUR,AT	: 	0.1614 	0.1638 	0.1657 	0.1739 	0.1753 	0.1774 	0.1753 	0.1805 	0.1781 	0.1785 	0.1833 	0.1888 	0.1850 	0.1848 	0.1815 	0.1780 	0.1753 	0.1792 	0.1766 	0.1711 	0.1740 	0.1721 	0.1768 	0.1784 	0.1832 	0.1858 	0.1915 	0.1944 	0.2001 
S,6000,4161904,KWH,I_TAX,EUR,BA	: 	: 	: 	: 	: 	: 	: 	: 	: 	: 	0.0733 	0.0741 	0.0735 	0.0743 	0.0742 	0.0743 	0.0750 	0.0758 	0.0764 	0.0776 	0.0795 	0.0798 	0.0801 	0.0810 	0.0804 	0.0815 	0.0814 	0.0839 	0.0819 	0.0806 
S,6000,4161904,KWH,I_TAX,EUR,BE	: 	0.1621 	0.1768 	0.1945 	0.1702 	0.1645 	0.1732 	0.1765 	0.1928 	0.1872 	0.1934 	0.1955 	0.1977 	0.1997 	0.1885 	0.1791 	0.1926 	0.2105 	0.2330 	0.2500 	0.2588 	0.2611 	0.2578 	0.2686 	0.2594 	0.2627 	0.2565 	0.2489 	0.2519 	0.2860 
S,6000,4161904,KWH,I_TAX,EUR,BG	: 	0.0711 	0.0706 	0.0818 	0.0813 	0.0823 	0.0813 	0.0832 	0.0823 	0.0867 	0.0825 	0.0966 	0.0925 	0.0893 	0.0834 	0.0879 	0.0936 	0.0961 	0.0947 	0.0936 	0.0947 	0.0988 	0.0973 	0.1011 	0.0991 	0.0939 	0.0962 	0.0954 	0.0989 	0.1086 
S,6000,4161904,KWH,I_TAX,EUR,CY	: 	0.1576 	0.1785 	0.2102 	0.1608 	0.1655 	0.1804 	0.2006 	0.1990 	0.2387 	0.2710 	0.2901 	0.2706 	0.2476 	0.2234 	0.2355 	0.1904 	0.1839 	0.1472 	0.1617 	0.1808 	0.1821 	0.1797 	0.2119 	0.2146 	0.2174 	0.2087 	0.1633 	0.1910 	0.2235 
S,6000,4161904,KWH,I_TAX,EUR,CZ	0.0806 	0.0829 	0.1036 	0.1056 	0.1083 	0.1141 	0.1100 	0.1138 	0.1236 	0.1212 	0.1263 	0.1266 	0.1292 	0.1264 	0.1104 	0.1097 	0.1094 	0.1112 	0.1132 	0.1132 	0.1143 	0.1183 	0.1216 	0.1237 	0.1363 	0.1395 	0.1416 	0.1381 	0.1389 	0.1675 
S,6000,4161904,KWH,I_TAX,EUR,DE	0.1888 	0.1992 	0.1988 	0.2039 	0.2122 	0.2138 	0.2240 	0.2292 	0.2399 	0.2423 	0.2466 	0.2542 	0.2783 	0.2776 	0.2829 	0.2827 	0.2801 	0.2797 	0.2812 	0.2820 	0.2876 	0.2874 	0.2795 	0.2805 	0.2876 	0.2644 	0.2863 	0.2800 	0.2924 	0.2941 
S,6000,4161904,KWH,I_TAX,EUR,DK	: 	0.2124 	0.2344 	0.2494 	0.2403 	0.2259 	0.2308 	0.2346 	0.2541 	0.2607 	0.2623 	0.2603 	0.2269 	0.2221 	0.2301 	0.2295 	0.2305 	0.2270 	0.2432 	0.2423 	0.2396 	0.2342 	0.2426 	0.2558 	0.2391 	0.2330 	0.2234 	0.1979 	0.1862 	0.2403 
S,6000,4161904,KWH,I_TAX,EUR,EA	0.1893 	0.1472 	0.1557 	0.1633 	0.1685 	0.1710 	0.1718 	0.1764 	0.1839 	0.1901 	0.1913 	0.2010 	0.2054 	0.2101 	0.2100 	0.2149 	0.2136 	0.2151 	0.2080 	0.2088 	0.2070 	0.2073 	0.2050 	0.2111 	0.2122 	0.2107 	0.2098 	0.2092 	0.2128 	0.2297 
S,6000,4161904,KWH,I_TAX,EUR,EE	: 	0.0761 	0.0777 	0.0827 	0.0887 	0.0897 	0.0936 	0.0978 	0.0937 	0.1021 	0.1056 	0.1096 	0.1308 	0.1326 	0.1229 	0.1288 	0.1228 	0.1239 	0.1135 	0.1186 	0.1123 	0.1231 	0.1262 	0.1356 	0.1292 	0.1325 	0.1159 	0.1259 	0.1310 	0.1993 
S,6000,4161904,KWH,I_TAX,EUR,EL	: 	0.1203 	0.1245 	0.1347 	0.1369 	0.1201 	0.1370 	0.1401 	0.1389 	0.1384 	0.1551 	0.1604 	0.1725 	0.1822 	0.1913 	0.1892 	0.1895 	0.1880 	0.1718 	0.1835 	0.1856 	0.2040 	0.1803 	0.1719 	0.1749 	0.1613 	0.1761 	0.1676 	0.1769 	0.2163 
S,6000,4161904,KWH,I_TAX,EUR,ES	: 	0.1287 	0.1241 	0.1486 	0.1467 	0.1544 	0.1550 	0.1691 	0.1768 	0.1938 	0.1930 	0.2089 	0.1947 	0.2081 	0.1874 	0.2110 	0.1990 	0.2088 	0.1926 	0.1995 	0.1930 	0.1884 	0.1924 	0.2159 	0.2045 	0.1993 	0.1812 	0.1843 	0.1869 	0.2503 
S,6000,4161904,KWH,I_TAX,EUR,EU27_2020	0.1704 	0.1424 	0.1510 	0.1585 	0.1605 	0.1636 	0.1655 	0.1704 	0.1778 	0.1820 	0.1832 	0.1921 	0.1952 	0.1985 	0.1966 	0.2004 	0.1990 	0.2004 	0.1942 	0.1954 	0.1927 	0.1939 	0.1919 	0.1982 	0.1988 	0.1980 	0.1963 	0.1950 	0.1990 	0.2169 
S,6000,4161904,KWH,I_TAX,EUR,FI	: 	0.0992 	0.1058 	0.1111 	0.1147 	0.1143 	0.1168 	0.1198 	0.1354 	0.1390 	0.1372 	0.1368 	0.1394 	0.1371 	0.1372 	0.1343 	0.1358 	0.1334 	0.1332 	0.1332 	0.1356 	0.1368 	0.1382 	0.1450 	0.1485 	0.1523 	0.1493 	0.1520 	0.1528 	0.1602 
S,6000,4161904,KWH,I_TAX,EUR,FR	: 	0.1075 	0.1058 	0.1054 	0.1057 	0.1139 	0.1155 	0.1219 	0.1269 	0.1302 	0.1278 	0.1375 	0.1399 	0.1469 	0.1457 	0.1569 	0.1548 	0.1565 	0.1570 	0.1594 	0.1559 	0.1600 	0.1605 	0.1629 	0.1606 	0.1741 	0.1742 	0.1798 	0.1790 	0.1850 
S,6000,4161904,KWH,I_TAX,EUR,GE	: 	: 	: 	: 	: 	: 	: 	: 	: 	: 	: 	: 	: 	: 	: 	: 	: 	: 	: 	: 	: 	: 	0.0759 	0.0829 	0.0745 	0.0697 	0.0739 	0.0626 	0.0688 	0.0703 
S,6000,4161904,KWH,I_TAX,EUR,HR	0.0897 	0.0929 	0.0922 	0.1128 	0.1084 	0.1123 	0.1101 	0.1112 	0.1091 	0.1090 	0.1139 	0.1321 	0.1306 	0.1289 	0.1253 	0.1272 	0.1259 	0.1259 	0.1255 	0.1275 	0.1147 	0.1193 	0.1264 	0.1275 	0.1268 	0.1276 	0.1251 	0.1260 	0.1244 	0.1263 
S,6000,4161904,KWH,I_TAX,EUR,HU	: 	0.1333 	0.1541 	0.1530 	0.1346 	0.1561 	0.1594 	0.1498 	0.1592 	0.1460 	0.1440 	0.1517 	0.1336 	0.1284 	0.1162 	0.1111 	0.1103 	0.1117 	0.1086 	0.1097 	0.1091 	0.1104 	0.1094 	0.1102 	0.1093 	0.1079 	0.1023 	0.1001 	0.0992 	0.0994 
S,6000,4161904,KWH,I_TAX,EUR,IE	: 	0.1734 	0.1572 	0.1844 	0.1837 	0.1688 	0.1612 	0.1683 	0.1580 	0.1853 	0.1883 	0.2016 	0.1992 	0.2106 	0.2079 	0.2183 	0.2040 	0.2113 	0.1991 	0.1992 	0.1919 	0.2011 	0.1958 	0.2157 	0.2062 	0.2209 	0.2084 	0.2291 	0.2138 	0.2534 
S,6000,4161904,KWH,I_TAX,EUR,IS	: 	: 	: 	: 	: 	: 	: 	: 	: 	: 	0.0904 	0.0951 	0.0920 	0.0935 	0.0992 	0.1014 	0.1054 	0.1114 	0.1160 	0.1306 	0.1424 	0.1354 	0.1384 	0.1302 	0.1279 	0.1279 	0.1199 	0.1114 	0.1204 	0.1228 
S,6000,4161904,KWH,I_TAX,EUR,IT	: 	: 	0.2308 	0.2405 	0.2609 	0.2615 	0.2492 	0.2414 	0.2429 	0.2544 	0.2636 	0.2835 	0.2846 	0.2906 	0.3006 	0.2935 	0.3055 	0.3033 	0.2746 	0.2591 	0.2222 	0.2120 	0.2074 	0.2167 	0.2290 	0.2324 	0.2116 	0.2030 	0.2097 	0.2235 
S,6000,4161904,KWH,I_TAX,EUR,LI	: 	: 	: 	: 	: 	: 	: 	: 	: 	: 	: 	: 	: 	: 	0.1516 	0.1533 	0.1825 	0.1788 	0.1702 	0.1721 	0.1640 	0.1540 	0.1764 	0.1809 	0.1829 	0.1889 	0.1946 	0.1915 	0.1906 	0.1955 
S,6000,4161904,KWH,I_TAX,EUR,LT	: 	0.0827 	0.0808 	0.0823 	0.0897 	0.0884 	0.1103 	0.1180 	0.1178 	0.1181 	0.1228 	0.1240 	0.1336 	0.1357 	0.1290 	0.1284 	0.1211 	0.1203 	0.1186 	0.1129 	0.1073 	0.1068 	0.1053 	0.1057 	0.1201 	0.1208 	0.1367 	0.1258 	0.1287 	0.1418 
S,6000,4161904,KWH,I_TAX,EUR,LU	0.1552 	0.1477 	0.1477 	0.1469 	0.1700 	0.1700 	0.1611 	0.1629 	0.1563 	0.1541 	0.1585 	0.1590 	0.1518 	0.1513 	0.1600 	0.1600 	0.1629 	0.1629 	0.1561 	0.1561 	0.1416 	0.1414 	0.1444 	0.1464 	0.1552 	0.1553 	0.1720 	0.1719 	0.1741 	0.1741 
S,6000,4161904,KWH,I_TAX,EUR,LV	: 	0.0720 	0.0820 	0.1002 	0.1051 	0.1054 	0.1050 	0.1049 	0.1180 	0.1440 	0.1418 	0.1462 	0.1414 	0.1446 	0.1403 	0.1393 	0.1626 	0.1641 	0.1619 	0.1591 	0.1534 	0.1536 	0.1452 	0.1447 	0.1542 	0.1557 	0.1473 	0.1495 	0.1429 	0.1851 
S,6000,4161904,KWH,I_TAX,EUR,MD	: 	: 	: 	: 	: 	: 	: 	: 	: 	: 	: 	: 	: 	: 	: 	: 	0.0816 	0.0867 	0.0949 	0.0904 	0.0964 	0.0991 	0.1011 	0.0987 	0.0930 	0.1010 	0.1049 	0.0955 	0.0825 	0.0852 
S,6000,4161904,KWH,I_TAX,EUR,ME	: 	: 	: 	: 	: 	: 	: 	: 	0.0857 	0.0841 	0.0893 	0.0904 	0.0893 	0.0927 	0.0921 	0.0931 	0.0920 	0.0928 	0.0901 	0.0917 	0.0945 	0.0962 	0.0985 	0.0989 	0.1017 	0.1028 	0.1001 	0.1009 	0.0999 	0.0983 
S,6000,4161904,KWH,I_TAX,EUR,MK	: 	: 	: 	: 	: 	: 	: 	: 	: 	: 	: 	0.0791 	0.0795 	0.0805 	0.0776 	0.0834 	0.0811 	0.0826 	0.0808 	0.0822 	0.0808 	0.0803 	0.0769 	0.0783 	0.0769 	0.0787 	0.0772 	0.0832 	0.0832 	0.0838 
S,6000,4161904,KWH,I_TAX,EUR,MT	: 	0.1281 	0.1309 	0.1805 	0.1770 	0.1585 	0.1832 	0.1829 	0.1834 	0.1837 	0.1840 	0.1837 	0.1827 	0.1859 	0.1691 	0.1461 	0.1486 	0.1479 	0.1500 	0.1497 	0.1562 	0.1512 	0.1508 	0.1511 	0.1512 	0.1508 	0.1473 	0.1499 	0.1476 	0.1553 
S,6000,4161904,KWH,I_TAX,EUR,NL	0.1935 	0.1919 	0.1920 	0.1966 	0.2160 	0.2091 	0.1965 	0.1966 	0.1960 	0.1965 	0.2003 	0.2016 	0.2038 	0.2043 	0.2019 	0.1992 	0.2084 	0.1995 	0.1758 	0.1729 	0.1728 	0.1724 	0.1847 	0.1874 	0.2113 	0.2104 	0.1849 	0.1793 	0.1745 	0.1900 
S,6000,4161904,KWH,I_TAX,EUR,NO	: 	0.1075 	0.1186 	0.1277 	0.1143 	0.1122 	0.1525 	0.1402 	0.1619 	0.1346 	0.1351 	0.1231 	0.1371 	0.1273 	0.1165 	0.1181 	0.1134 	0.0987 	0.1077 	0.1181 	0.1184 	0.1163 	0.1279 	0.1434 	0.1381 	0.1266 	0.0908 	0.0872 	0.1337 	0.1715 
S,6000,4161904,KWH,I_TAX,EUR,PL	: 	0.1043 	0.1114 	0.1229 	0.1072 	0.1172 	0.1235 	0.1335 	0.1394 	0.1282 	0.1409 	0.1421 	0.1404 	0.1386 	0.1344 	0.1364 	0.1381 	0.1366 	0.1274 	0.1287 	0.1326 	0.1346 	0.1299 	0.1297 	0.1250 	0.1294 	0.1385 	0.1423 	0.1420 	0.1444 
S,6000,4161904,KWH,I_TAX,EUR,PT	: 	0.1494 	0.1323 	0.1366 	0.1367 	0.1434 	0.1435 	0.1516 	0.1504 	0.1712 	0.1832 	0.1901 	0.1923 	0.1990 	0.2058 	0.2132 	0.2165 	0.2171 	0.2242 	0.2225 	0.2192 	0.2156 	0.2144 	0.2183 	0.2042 	0.2067 	0.2016 	0.2016 	0.2002 	0.2064 
S,6000,4161904,KWH,I_TAX,EUR,RO	: 	0.1149 	0.1043 	0.1103 	0.0941 	0.0944 	0.1011 	0.1038 	0.1067 	0.1082 	0.1048 	0.1076 	0.1304 	0.1254 	0.1255 	0.1234 	0.1285 	0.1304 	0.1212 	0.1211 	0.1180 	0.1261 	0.1304 	0.1287 	0.1359 	0.1436 	0.1461 	0.1440 	0.1510 	0.1574 
S,6000,4161904,KWH,I_TAX,EUR,RS	: 	: 	: 	: 	: 	: 	: 	: 	: 	: 	: 	: 	0.0566 	0.0611 	0.0610 	0.0597 	0.0583 	0.0646 	0.0637 	0.0654 	0.0661 	0.0693 	0.0698 	0.0708 	0.0699 	0.0723 	0.0732 	0.0736 	0.0788 	0.0806 
S,6000,4161904,KWH,I_TAX,EUR,SE	0.1389 	0.1470 	0.1485 	0.1512 	0.1372 	0.1425 	0.1594 	0.1699 	0.1801 	0.1763 	0.1702 	0.1782 	0.1764 	0.1755 	0.1628 	0.1607 	0.1527 	0.1547 	0.1531 	0.1615 	0.1539 	0.1624 	0.1567 	0.1752 	0.1721 	0.1764 	0.1563 e	0.1492 e	0.1695 e	0.2103 e
S,6000,4161904,KWH,I_TAX,EUR,SI	: 	0.1021 	0.1066 	0.1092 	0.1266 	0.1231 	0.1277 	0.1302 	0.1332 	0.1361 	0.1404 	0.1405 	0.1438 	0.1473 	0.1446 	0.1453 	0.1397 	0.1427 	0.1406 	0.1419 	0.1398 	0.1399 	0.1387 	0.1424 	0.1405 	0.1453 	0.1312 	0.1476 	0.1423 	0.1469 
S,6000,4161904,KWH,I_TAX,EUR,SK	: 	0.1098 	0.1191 	0.1302 	0.1484 	0.1558 	0.1359 	0.1458 	0.1502 	0.1541 	0.1523 	0.1535 	0.1498 	0.1512 	0.1337 	0.1356 	0.1313 	0.1321 	0.1255 	0.1337 	0.1219 	0.1243 	0.1338 	0.1274 	0.1362 	0.1385 	0.1488 	0.1529 	0.1463 	0.1435 
S,6000,4161904,KWH,I_TAX,EUR,TR	: 	0.0901 	0.0998 	0.1222 	0.1144 	0.1179 	0.1342 	0.1374 	0.1213 	0.1141 	0.1312 	0.1475 	0.1492 	0.1312 	0.1192 	0.1317 	0.1356 	0.1218 	0.1267 	0.1203 	0.1049 	0.0958 	0.0900 	0.0853 	0.0847 	0.1040 	0.0996 	0.0817 	0.0830 	0.0785 
S,6000,4161904,KWH,I_TAX,EUR,UA	: 	: 	: 	: 	: 	: 	: 	: 	: 	: 	: 	: 	: 	: 	: 	: 	: 	: 	0.0249 p	0.0320 p	0.0393 	0.0383 	0.0398 	0.0405 	0.0451 	0.0488 	0.0456 	0.0396 	0.0467 	: 
S,6000,4161904,KWH,I_TAX,EUR,UK	: 	0.1340 	0.1355 	0.1395 	0.1309 	0.1250 	0.1238 	0.1307 	0.1267 	0.1413 	0.1489 	0.1614 	0.1569 	0.1654 	0.1727 	0.1817 	0.1915 	0.2015 	0.1797 	0.1706 	0.1586 	0.1682 	0.1708 	0.1846 	0.1917 	0.2019 	0.2022 	: 	: 	: 
S,6000,4161904,KWH,I_TAX,EUR,XK	: 	: 	: 	: 	: 	: 	: 	: 	: 	: 	: 	: 	0.0643 	0.0628 	0.0630 	0.0589 	0.0719 	0.0625 	0.0677 	0.0607 	0.0719 	0.0608 	0.0587 	0.0596 	0.0564 	0.0568 	0.0566 	0.0568 	0.0563 	0.0565 
S,6000,4161905,KWH,I_TAX,EUR,AL	: 	: 	: 	: 	: 	: 	: 	: 	0.1152 	0.1157 	0.1163 	0.1167 	0.1156 	0.1154 	0.1156 	0.1160 	0.0812 	0.0819 	0.0824 	0.0835 	0.0844 	0.0856 	: 	0.0910 	0.0920 e	0.0933 	0.0922 e	0.0920 e	: 	0.0937 
S,6000,4161905,KWH,I_TAX,EUR,AT	: 	0.1490 	0.1514 	0.1534 	0.1572 	0.1599 	0.1570 	0.1466 	0.1631 	0.1611 	0.1595 	0.1639 	0.1755 	0.1698 	0.1613 	0.1572 	0.1518 	0.1491 	0.1517 	0.1491 	0.1561 	0.1577 	0.1542 	0.1602 	0.1589 	0.1617 	0.1683 	0.1726 	0.1746 	0.1782 
S,6000,4161905,KWH,I_TAX,EUR,BA	: 	: 	: 	: 	: 	: 	: 	: 	: 	: 	0.0692 	0.0697 	0.0700 	0.0688 	0.0697 	0.0686 	0.0708 	0.0693 	0.0711 	0.0715 	0.0744 	0.0739 	0.0750 	0.0752 	0.0758 	0.0755 	0.0766 	0.0777 	0.0774 	0.0752 
S,6000,4161905,KWH,I_TAX,EUR,BE	: 	0.1562 	0.1592 	0.1746 	0.1459 	0.1365 	0.1447 	0.1509 	0.1666 	0.1582 	0.1835 	0.1619 	0.1743 	0.1679 	0.1597 	0.1588 	0.1613 	0.1776 	0.1790 	0.2209 	0.2339 	0.2297 	0.2217 	0.2321 	0.2308 	0.2094 	0.2262 	0.2185 	0.2343 	0.2648 
S,6000,4161905,KWH,I_TAX,EUR,BG	: 	0.0721 	0.0706 	0.0900 	0.0813 	0.0813 	0.0803 	0.0834 	0.0829 	0.0866 	0.0820 	0.0967 	0.0931 	0.0893 	0.0829 	0.0849 	0.0930 	0.0957 	0.0951 	0.0926 	0.0936 	0.0980 	0.0963 	0.1000 	0.0980 	0.0935 	0.0932 	0.0949 	0.0946 	0.1079 
S,6000,4161905,KWH,I_TAX,EUR,CY	: 	0.1586 	0.1792 	0.2120 	0.1628 	0.1682 	0.1590 	0.2028 	0.1783 	0.2415 	0.2470 	0.2913 	0.2544 	0.2488 	0.2075 	0.2365 	0.1707 	0.1848 	0.1316 	0.1635 	0.1609 	0.1835 	0.1676 	0.2101 	0.1814 	0.2124 	0.1809 	0.1602 	0.1648 	0.2208 
S,6000,4161905,KWH,I_TAX,EUR,CZ	0.0714 	0.0734 	0.0941 	0.0959 	0.0991 	0.1044 	0.0987 	0.1022 	0.1113 	0.1091 	0.1152 	0.1154 	0.1183 	0.1158 	0.0940 	0.0934 	0.0938 	0.0953 	0.1036 	0.1036 	0.1046 	0.1082 	0.1200 	0.1221 	0.1351 	0.1388 	0.1412 	0.1370 	0.1381 	0.1293 
S,6000,4161905,KWH,I_TAX,EUR,DE	0.1800 	0.1908 	0.1907 	0.1970 	0.2058 	0.2067 	0.2178 	0.2211 	0.2319 	0.2325 	0.2374 	0.2442 	0.2712 	0.2668 	0.2691 	0.2714 	0.2676 	0.2679 	0.2680 	0.2682 	0.2717 	0.2713 	0.2667 	0.2594 	0.2655 	0.2370 	0.2579 	0.2523 	0.2549 	0.2510 
S,6000,4161905,KWH,I_TAX,EUR,DK	: 	0.2124 	0.2344 	0.2494 	0.2403 	0.2259 	0.2308 	0.2346 	0.2541 	0.2607 	0.2623 	0.2603 	0.2269 	0.2221 	0.2301 	0.2295 	0.2253 	0.2222 	0.2213 	0.2202 	0.2179 	0.2146 	0.2202 	0.2357 	0.2199 	0.2137 	0.2034 	0.1699 	0.1516 	0.2055 
S,6000,4161905,KWH,I_TAX,EUR,EA	0.1792 	0.1368 	0.1458 	0.1567 	0.1685 	0.1703 	0.1711 	0.1729 	0.1826 	0.1857 	0.1892 	0.1962 	0.2015 	0.1995 	0.2030 	0.2090 	0.2096 	0.2117 	0.2018 	0.1985 	0.1952 	0.1946 	0.1948 	0.1967 	0.2016 	0.1972 	0.1969 	0.1957 	0.1986 	0.2083 
S,6000,4161905,KWH,I_TAX,EUR,EE	: 	0.0652 	0.0669 	0.0742 	0.0780 	0.0810 	0.0842 	0.0906 	0.0851 	0.0954 	0.0970 	0.1017 	0.1176 	0.1172 	0.1109 	0.1199 	0.1138 	0.1179 	0.1044 	0.1107 	0.1062 	0.1147 	0.1170 	0.1273 	0.1190 	0.1218 	0.1057 	0.1157 	0.1216 	0.1912 
S,6000,4161905,KWH,I_TAX,EUR,EL	: 	0.1401 	0.1360 	0.1705 	0.1664 	0.1439 	0.1677 	0.1762 	0.1260 	0.1393 	0.1362 	0.1672 	0.1520 	0.1939 	0.1881 	0.2006 	0.1872 	0.1961 	0.1835 	0.1967 	0.1805 	0.1760 	0.2041 	0.2140 	0.2052 	0.1996 	0.1945 	0.1975 	0.1951 	0.2553 
S,6000,4161905,KWH,I_TAX,EUR,ES	: 	0.1182 	0.1188 	0.1400 	0.1418 	0.1406 	0.1432 	0.1543 	0.1551 	0.1791 	0.1755 	0.1858 	0.1794 	0.1859 	0.1665 	0.1787 	0.1840 	0.2002 	0.1766 	0.1670 	0.1483 	0.1667 	0.1571 	0.1798 	0.1792 	0.1796 	0.1614 	0.1644 	0.1560 	0.1760 
S,6000,4161905,KWH,I_TAX,EUR,EU27_2020	0.1592 	0.1334 	0.1419 	0.1520 	0.1596 	0.1620 	0.1638 	0.1662 	0.1754 	0.1771 	0.1802 	0.1868 	0.1906 	0.1883 	0.1895 	0.1940 	0.1941 	0.1959 	0.1874 	0.1852 	0.1813 	0.1818 	0.1817 	0.1845 	0.1885 	0.1851 	0.1845 	0.1828 	0.1856 	0.1984 
S,6000,4161905,KWH,I_TAX,EUR,FI	: 	0.0816 	0.0889 	0.0934 	0.0960 	0.0952 	0.0975 	0.1001 	0.1153 	0.1181 	0.1169 	0.1165 	0.1189 	0.1169 	0.1172 	0.1145 	0.1165 	0.1140 	0.1124 	0.1125 	0.1133 	0.1136 	0.1148 	0.1203 	0.1218 	0.1255 	0.1228 	0.1249 	0.1274 	0.1341 
S,6000,4161905,KWH,I_TAX,EUR,FR	: 	0.0997 	0.0993 	0.1055 	0.1004 	0.1107 	0.1118 	0.1184 	0.1245 	0.1269 	0.1256 	0.1342 	0.1272 	0.1339 	0.1317 	0.1518 	0.1517 	0.1537 	0.1543 	0.1560 	0.1513 	0.1534 	0.1545 	0.1556 	0.1533 	0.1671 	0.1677 	0.1733 	0.1726 	0.1781 
S,6000,4161905,KWH,I_TAX,EUR,GE	: 	: 	: 	: 	: 	: 	: 	: 	: 	: 	: 	: 	: 	: 	: 	: 	: 	: 	: 	: 	: 	: 	0.0723 	0.0816 	0.0847 	0.0670 	0.0695 	0.0567 	0.0691 	0.0669 
S,6000,4161905,KWH,I_TAX,EUR,HR	0.0666 	0.0888 	0.0880 	0.1073 	0.1043 	0.1082 	0.1067 	0.1068 	0.1049 	0.1048 	0.1089 	0.1273 	0.1263 	0.1249 	0.1217 	0.1229 	0.1218 	0.1219 	0.1216 	0.1239 	0.1112 	0.1159 	0.1230 	0.1243 	0.1237 	0.1244 	0.1218 	0.1227 	0.1214 	0.1229 
S,6000,4161905,KWH,I_TAX,EUR,HU	: 	0.1067 	0.1589 	0.1615 	0.1330 	0.1614 	0.1614 	0.1545 	0.1651 	0.1497 	0.1646 	0.1634 	0.1390 	0.1325 	0.1235 	0.1151 	0.1127 	0.1187 	0.1128 	0.1133 	0.1098 	0.1125 	0.1101 	0.1078 	0.1084 	0.1063 	0.1062 	0.1041 	0.1005 	0.1031 
S,6000,4161905,KWH,I_TAX,EUR,IE	: 	0.1469 	0.1372 	0.1591 	0.1612 	0.1467 	0.1400 	0.1426 	0.1318 	0.1553 	0.1635 	0.1733 	0.1733 	0.1807 	0.1806 	0.1824 	0.1738 	0.1808 	0.1723 	0.1659 	0.1590 	0.1640 	0.1617 	0.1756 	0.1778 	0.1833 	0.1801 	0.1857 	0.1794 	0.2080 
S,6000,4161905,KWH,I_TAX,EUR,IS	: 	: 	: 	: 	: 	: 	: 	: 	: 	: 	0.0863 	0.0909 	0.0518 	0.0523 	0.0585 	0.0602 	0.0632 	0.0665 	0.0604 	0.0657 	0.0805 	0.0714 	0.0798 	0.0753 	0.0653 	0.0640 	0.0593 	0.0560 	0.0610 	0.0655 
S,6000,4161905,KWH,I_TAX,EUR,IT	: 	: 	0.2170 	0.2335 	0.2927 	0.3111 	0.2804 	0.2732 	0.2866 	0.2866 	0.2948 	0.3173 	0.3202 	0.2972 	0.3280 	0.3337 	0.3288 	0.3405 	0.2798 	0.2552 	0.2181 	0.2038 	0.2018 	0.2061 	0.2243 	0.2252 	0.1880 	0.1799 	0.1958 	0.2147 
S,6000,4161905,KWH,I_TAX,EUR,LI	: 	: 	: 	: 	: 	: 	: 	: 	: 	: 	: 	: 	: 	: 	0.1494 	0.1511 	0.1800 	0.1763 	0.1656 	0.1674 	0.1517 	0.1425 	0.1688 	0.1702 	0.1746 	0.1792 	0.1853 	0.1821 	0.1816 	0.1863 
S,6000,4161905,KWH,I_TAX,EUR,LT	: 	0.0785 	0.0753 	0.0769 	0.0808 	0.0822 	0.1035 	0.1128 	0.1113 	0.1106 	0.1155 	0.1173 	0.1253 	0.1280 	0.1208 	0.1211 	0.1130 	0.1133 	0.1105 	0.1051 	0.0986 	0.0991 	0.0978 	0.0981 	0.1108 	0.1133 	0.1279 	0.1204 	0.1234 	0.1436 
S,6000,4161905,KWH,I_TAX,EUR,LU	0.1058 	0.1049 	0.1049 	0.1153 	0.1393 	0.1393 	0.1450 	0.1466 	0.1397 	0.1376 	0.1440 	0.1430 	0.1396 	0.1393 	0.1482 	0.1486 	0.1521 	0.1520 	0.1455 	0.1455 	0.1324 	0.1322 	0.1346 	0.1362 	0.1451 	0.1450 	0.1611 	0.1612 	0.1634 	0.1635 
S,6000,4161905,KWH,I_TAX,EUR,LV	: 	0.0696 	0.0790 	0.1000 	0.1048 	0.1049 	0.1045 	0.1043 	0.1209 	0.1447 	0.1461 	0.1471 	0.1457 	0.1379 	0.1451 	0.1408 	0.1598 	0.1624 	0.1583 	0.1602 	0.1553 	0.1568 	0.1466 	0.1482 	0.1538 	0.1574 	0.1492 	0.1527 	0.1426 	0.1917 
S,6000,4161905,KWH,I_TAX,EUR,MD	: 	: 	: 	: 	: 	: 	: 	: 	: 	: 	: 	: 	: 	: 	: 	: 	0.0808 	0.0854 	0.0935 	0.0885 	0.0940 	0.0972 	0.0992 	0.0937 	0.0910 	0.0957 	0.0962 	0.0866 	0.0907 	0.0736 
S,6000,4161905,KWH,I_TAX,EUR,ME	: 	: 	: 	: 	: 	: 	: 	: 	0.0850 	0.0835 	0.0890 	0.0873 	0.0870 	0.0895 	0.0901 	0.0909 	0.0905 	0.0909 	0.0892 	0.0903 	0.0943 	0.0948 	0.0979 	0.0985 	0.1031 	0.1061 	0.1041 	0.1059 	0.1033 	0.1022 
S,6000,4161905,KWH,I_TAX,EUR,MK	: 	: 	: 	: 	: 	: 	: 	: 	: 	: 	: 	0.0791 	0.0828 	0.0822 	0.0809 	0.0852 	0.0811 	0.0825 	0.0825 	0.0837 	0.0825 	0.0814 	0.0788 	0.0797 	0.0782 	0.0799 	0.0783 	0.0842 	0.0842 	0.0848 
S,6000,4161905,KWH,I_TAX,EUR,MT	: 	0.1400 	0.1417 	0.1972 	0.2128 	0.2128 	0.3983 	0.3881 	0.3830 	0.3681 	0.3689 	0.3559 	0.3573 	0.3761 	0.3803 	0.3883 	0.3636 	0.3456 	0.3623 	0.3936 	0.3779 	0.3492 	0.3560 	0.3353 	0.3240 	0.3198 	0.3156 	0.3128 	0.3169 	0.3271 
S,6000,4161905,KWH,I_TAX,EUR,NL	0.1770 	: 	: 	: 	0.2577 	0.2054 	0.2376 	0.1891 	0.2436 	0.1948 	0.2544 	0.2085 	0.2618 	0.2121 	0.2678 	0.2056 	0.2632 	0.1977 	0.2432 	0.2011 	0.2253 	: u	: u	: u	: u	: u	: u	: u	: u	: u
S,6000,4161905,KWH,I_TAX,EUR,NO	: 	0.0948 	0.1050 	0.1150 	0.1016 	0.0989 	0.1374 	0.1251 	0.1465 	0.1189 	0.1192 	0.1067 	0.1210 	0.1121 	0.1019 	0.1038 	0.0991 	0.0853 	0.0946 	0.1045 	0.1047 	0.1030 	0.1138 	0.1291 	0.1235 	0.1122 	0.0774 	0.0737 	0.1190 	0.1567 
S,6000,4161905,KWH,I_TAX,EUR,PL	: 	0.1284 	0.1110 	0.1167 	0.1052 	0.1171 	0.1243 	0.1301 	0.1390 	0.1290 	0.1336 	0.1399 	0.1383 	0.1349 	0.1346 	0.1368 	0.1366 	0.1347 	0.1267 	0.1276 	0.1313 	0.1327 	0.1269 	0.1249 	0.1243 	0.1259 	0.1382 	0.1396 	0.1374 	0.1377 
S,6000,4161905,KWH,I_TAX,EUR,PT	: 	0.1429 	0.1241 	0.1269 	0.1284 	0.1334 	0.1372 	0.1392 	0.1442 	0.1579 	0.1777 	0.1860 	0.1914 	0.1913 	0.1998 	0.2008 	0.2094 	0.2069 	0.2154 	0.2161 	0.2162 	0.2098 	0.2048 	0.2052 	0.1957 	0.1958 	0.1917 	0.1932 	0.1909 	0.1998 
S,6000,4161905,KWH,I_TAX,EUR,RO	: 	0.1163 	0.1052 	0.1130 	0.0916 	0.0916 	0.0978 	0.0989 	0.1014 	0.1064 	0.1039 	0.1055 	0.1274 	0.1217 	0.1232 	0.1217 	0.1250 	0.1275 	0.1173 	0.1172 	0.1144 	0.1219 	0.1279 	0.1243 	0.1355 	0.1416 	0.1434 	0.1410 	0.1463 	0.1526 
S,6000,4161905,KWH,I_TAX,EUR,RS	: 	: 	: 	: 	: 	: 	: 	: 	: 	: 	: 	: 	0.0685 	0.0798 	0.0718 	0.0708 	0.0720 	0.0766 	0.0759 	0.0799 	0.0797 	0.0834 	0.0865 	0.0876 	0.0853 	0.0892 	0.0884 	0.0915 	0.0940 	0.0983 
S,6000,4161905,KWH,I_TAX,EUR,SE	0.1241 	0.1311 	0.1349 	0.1380 	0.1289 	0.1300 	0.1461 	0.1538 	0.1633 	0.1577 	0.1532 	0.1590 	0.1575 	0.1558 	0.1436 	0.1383 	0.1338 	0.1340 	0.1337 	0.1404 	0.1331 	0.1416 	0.1339 	0.1514 	0.1491 	0.1506 	0.1379 e	0.1346 e	0.1506 e	0.2159 e
S,6000,4161905,KWH,I_TAX,EUR,SI	: 	0.0958 	0.1006 	0.1076 	0.1249 	0.1176 	0.1209 	0.1233 	0.1259 	0.1249 	0.1273 	0.1283 	0.1279 	0.1323 	0.1298 	0.1309 	0.1272 	0.1288 	0.1266 	0.1271 	0.1247 	0.1251 	0.1239 	0.1279 	0.1226 	0.1272 	0.1135 	0.1313 	0.1254 	0.1330 
S,6000,4161905,KWH,I_TAX,EUR,SK	: 	0.0845 	0.0940 	0.1048 	0.1216 	0.1316 	0.1152 	0.1239 	0.1320 	0.1332 	0.1337 	0.1349 	0.1322 	0.1342 	0.1208 	0.1228 	0.1169 	0.1159 	0.1120 	0.1162 	0.1043 	0.1068 	0.1129 	0.1126 	0.1196 	0.1229 	0.1330 	0.1367 	0.1301 	0.1290 
S,6000,4161905,KWH,I_TAX,EUR,TR	: 	0.0901 	0.0998 	0.1222 	0.1144 	0.1179 	0.1342 	0.1374 	0.1214 	0.1141 	0.1318 	0.1471 	0.1495 	0.1306 	0.1189 	0.1315 	0.1280 	0.1217 	0.1264 	0.1194 	0.1041 	0.0948 	0.0891 	0.0835 	0.0839 	0.1031 	0.0987 	0.0820 	0.0826 	0.0781 
S,6000,4161905,KWH,I_TAX,EUR,UA	: 	: 	: 	: 	: 	: 	: 	: 	: 	: 	: 	: 	: 	: 	: 	: 	: 	: 	0.0249 p	0.0320 p	0.0393 	0.0383 	0.0352 	0.0368 	0.0477 	0.0498 	0.0441 	0.0386 	0.0447 	: 
S,6000,4161905,KWH,I_TAX,EUR,UK	: 	0.1125 	0.1381 	0.1322 	0.1309 	0.1190 	0.1123 	0.1208 	0.1153 	0.1320 	0.1361 	0.1499 	0.1419 	0.1542 	0.1588 	0.1679 	0.1740 	0.1862 	0.1627 	0.1609 	0.1497 	0.1583 	0.1595 	0.1728 	0.1779 	0.1884 	0.1900 	: 	: 	: 
S,6000,4161905,KWH,I_TAX,EUR,XK	: 	: 	: 	: 	: 	: 	: 	: 	: 	: 	: 	: 	0.0746 	0.0733 	0.0781 	0.0713 	0.0833 	0.0747 	0.0786 	0.0729 	0.0784 	0.0567 	0.0546 	0.0556 	0.0537 	0.0564 	0.0532 	0.0557 	0.0529 	0.0556 
