freq,airpol,nace_r2,unit,geo\TIME_PERIOD	2010-Q1 	2010-Q2 	2010-Q3 	2010-Q4 	2011-Q1 	2011-Q2 	2011-Q3 	2011-Q4 	2012-Q1 	2012-Q2 	2012-Q3 	2012-Q4 	2013-Q1 	2013-Q2 	2013-Q3 	2013-Q4 	2014-Q1 	2014-Q2 	2014-Q3 	2014-Q4 	2015-Q1 	2015-Q2 	2015-Q3 	2015-Q4 	2016-Q1 	2016-Q2 	2016-Q3 	2016-Q4 	2017-Q1 	2017-Q2 	2017-Q3 	2017-Q4 	2018-Q1 	2018-Q2 	2018-Q3 	2018-Q4 	2019-Q1 	2019-Q2 	2019-Q3 	2019-Q4 	2020-Q1 	2020-Q2 	2020-Q3 	2020-Q4 	2021-Q1 	2021-Q2 	2021-Q3 	2021-Q4 
Q,GHG,A,PCH_SM,EU27_2020	: 	: 	: 	: 	1.004 s	0.244 s	-1.073 s	-1.559 s	-1.31 s	-1.842 s	0.035 s	0.854 s	0.859 s	1.003 s	0.032 s	0.228 s	0.942 s	1.088 s	1.697 s	0.826 s	0.418 s	0.173 s	0.847 s	0.28 s	0.853 s	0.665 s	0.53 s	0.466 s	0.814 s	0.975 s	1.105 s	1.35 s	-0.134 s	-0.484 s	-0.215 s	-1.355 s	0.051 s	-0.7 s	-1.355 s	-0.724 s	-1.148 s	-0.986 s	-0.267 s	-1.163 s	-0.165 s	0.646 s	1.519 s	1.402 s
Q,GHG,A,THS_T,EU27_2020	115484.842 s	119397.833 s	121111.504 s	121913.83 s	116644.163 s	119689.574 s	119812.477 s	120013.688 s	115116.477 s	117484.457 s	119854.617 s	121038.008 s	116105.838 s	118663.395 s	119893.122 s	121314.052 s	117199.133 s	119954.697 s	121927.48 s	122315.572 s	117689.155 s	120162.778 s	122959.851 s	122657.89 s	118693.051 s	120961.329 s	123611.4 s	123229.03 s	119658.655 s	122141.106 s	124977.538 s	124892.47 s	119498.397 s	121550.275 s	124709.434 s	123200.133 s	119559.67 s	120698.929 s	123020.161 s	122308.736 s	118187.407 s	119508.786 s	122691.198 s	120886.511 s	117991.948 s	120281.213 s	124554.679 s	122581.668 s
Q,GHG,A,T_HAB,EU27_2020	0.262 s	0.271 s	0.275 s	0.276 s	0.264 s	0.271 s	0.271 s	0.272 s	0.26 s	0.266 s	0.271 s	0.273 s	0.262 s	0.268 s	0.271 s	0.274 s	0.265 s	0.271 s	0.275 s	0.276 s	0.265 s	0.271 s	0.277 s	0.276 s	0.267 s	0.272 s	0.278 s	0.277 s	0.269 s	0.274 s	0.28 s	0.28 s	0.268 s	0.272 s	0.279 s	0.276 s	0.267 s	0.27 s	0.275 s	0.273 s	0.264 s	0.267 s	0.274 s	0.27 s	0.264 s	0.269 s	0.278 s	0.274 s
Q,GHG,B,PCH_SM,EU27_2020	: 	: 	: 	: 	5.247 s	3.595 s	0.489 s	-4.334 s	-5.879 s	-7.553 s	-6.017 s	-3.133 s	-4.11 s	-2.652 s	-2.897 s	-2.307 s	-3.032 s	-3.117 s	-2.857 s	-3.18 s	-0.544 s	0.672 s	0.584 s	1.284 s	-2.579 s	-4.1 s	-5.1 s	-5.015 s	-2.311 s	-2.15 s	-1.171 s	-0.55 s	-0.691 s	-2.492 s	-4.128 s	-6.52 s	-8.376 s	-9.38 s	-8.578 s	-5.516 s	-4.154 s	-13.96 s	-2.678 s	-0.636 s	1.472 s	19.651 s	8.282 s	10.309 s
Q,GHG,B,THS_T,EU27_2020	16062.003 s	17180.628 s	17335.506 s	18980.303 s	16904.816 s	17798.336 s	17420.328 s	18157.665 s	15910.95 s	16453.985 s	16372.201 s	17588.793 s	15257.057 s	16017.701 s	15897.854 s	17183.007 s	14794.401 s	15518.406 s	15443.611 s	16636.565 s	14713.919 s	15622.65 s	15533.768 s	16850.107 s	14334.447 s	14982.173 s	14741.52 s	16005.146 s	14003.171 s	14660.056 s	14568.835 s	15917.085 s	13906.374 s	14294.715 s	13967.457 s	14879.328 s	12741.516 s	12953.926 s	12769.273 s	14058.55 s	12212.279 s	11145.613 s	12427.27 s	13969.084 s	12392.003 s	13335.841 s	13456.553 s	15409.224 s
Q,GHG,B,T_HAB,EU27_2020	0.036 s	0.039 s	0.039 s	0.043 s	0.038 s	0.04 s	0.039 s	0.041 s	0.036 s	0.037 s	0.037 s	0.04 s	0.034 s	0.036 s	0.036 s	0.039 s	0.033 s	0.035 s	0.035 s	0.038 s	0.033 s	0.035 s	0.035 s	0.038 s	0.032 s	0.034 s	0.033 s	0.036 s	0.031 s	0.033 s	0.033 s	0.036 s	0.031 s	0.032 s	0.031 s	0.033 s	0.028 s	0.029 s	0.029 s	0.031 s	0.027 s	0.025 s	0.028 s	0.031 s	0.028 s	0.03 s	0.03 s	0.034 s
Q,GHG,C,PCH_SM,EU27_2020	: 	: 	: 	: 	2.698 s	-2.708 s	-3.263 s	-4.859 s	-4.566 s	-4.483 s	-3.317 s	-3.449 s	-5.561 s	-3.055 s	-2.407 s	-1.188 s	0.583 s	-2.313 s	-2.452 s	-2.191 s	-1.292 s	0.604 s	0.368 s	1.043 s	0.14 s	0.841 s	-0.365 s	-0.04 s	2.627 s	0.579 s	2.192 s	2.673 s	0.156 s	0.542 s	-1.11 s	-1.65 s	-0.617 s	-3.082 s	-2.19 s	-2.341 s	-4.732 s	-19 s	-3.991 s	0.306 s	3.446 s	26.947 s	7.894 s	7.119 s
Q,GHG,C,THS_T,EU27_2020	208761.182 s	231414.43 s	220659.336 s	227813.481 s	214393.312 s	225146.927 s	213460.117 s	216743.46 s	204604.899 s	215054.588 s	206380.074 s	209267.292 s	193226.19 s	208485.409 s	201411.925 s	206781.279 s	194352.084 s	203662.292 s	196473.257 s	202249.784 s	191841.936 s	204892.751 s	197195.312 s	204359.16 s	192110.706 s	206615.715 s	196475.927 s	204276.489 s	197157.392 s	207811.184 s	200782.903 s	209736.629 s	197465.553 s	208937.149 s	198553.552 s	206276.864 s	196247.179 s	202496.749 s	194204.384 s	201448.611 s	186961.247 s	164021.687 s	186453.792 s	202065.415 s	193403.183 s	208221.232 s	201172.21 s	216451.199 s
Q,GHG,C,T_HAB,EU27_2020	0.474 s	0.525 s	0.5 s	0.516 s	0.486 s	0.51 s	0.483 s	0.49 s	0.463 s	0.486 s	0.467 s	0.473 s	0.437 s	0.471 s	0.455 s	0.467 s	0.439 s	0.46 s	0.443 s	0.456 s	0.432 s	0.462 s	0.444 s	0.459 s	0.432 s	0.464 s	0.441 s	0.458 s	0.442 s	0.466 s	0.45 s	0.47 s	0.442 s	0.468 s	0.444 s	0.461 s	0.439 s	0.453 s	0.434 s	0.45 s	0.417 s	0.366 s	0.416 s	0.451 s	0.432 s	0.465 s	0.449 s	0.483 s
Q,GHG,D,PCH_SM,EU27_2020	: 	: 	: 	: 	-2.166 s	2.512 s	0.42 s	-3.378 s	2.756 s	-3.368 s	-0.589 s	-3.748 s	-5.922 s	-8.25 s	-3.577 s	-2.669 s	-11.972 s	-1.036 s	-3.862 s	-3.131 s	4.125 s	-3.94 s	3.632 s	-0.715 s	-4.312 s	-1.22 s	-5.941 s	3.753 s	8.212 s	3.908 s	-2.646 s	-9.331 s	-10.223 s	-10.517 s	1.177 s	-3.015 s	-9.599 s	-9.195 s	-17.284 s	-15.798 s	-17.93 s	-21.393 s	-5.459 s	-3.075 s	8.049 s	17.074 s	0.469 s	9.49 s
Q,GHG,D,THS_T,EU27_2020	319690.788 s	251127.921 s	260761.734 s	315189.315 s	312766.038 s	257436.028 s	261857 s	304541.465 s	321385.691 s	248765.68 s	260313.654 s	293128.577 s	302352.858 s	228242.992 s	251002.305 s	285303.842 s	266155.357 s	225878.958 s	241308.319 s	276371.049 s	277133.77 s	216979.049 s	250072.339 s	274393.763 s	265184.139 s	214332.426 s	235214.635 s	284692.417 s	286962.011 s	222708.187 s	228990.578 s	258127.707 s	257625.451 s	199285.668 s	231685.424 s	250345.076 s	232895.974 s	180961.795 s	191640.959 s	210795.262 s	191137.396 s	142247.888 s	181179.567 s	204312.673 s	206522.603 s	166535.11 s	182028.565 s	223702.488 s
Q,GHG,D,T_HAB,EU27_2020	0.725 s	0.57 s	0.591 s	0.714 s	0.709 s	0.583 s	0.593 s	0.689 s	0.727 s	0.563 s	0.589 s	0.662 s	0.683 s	0.516 s	0.567 s	0.644 s	0.601 s	0.51 s	0.544 s	0.623 s	0.624 s	0.489 s	0.563 s	0.617 s	0.596 s	0.482 s	0.528 s	0.639 s	0.644 s	0.5 s	0.513 s	0.578 s	0.577 s	0.446 s	0.519 s	0.56 s	0.521 s	0.404 s	0.428 s	0.47 s	0.427 s	0.318 s	0.404 s	0.456 s	0.461 s	0.372 s	0.407 s	0.499 s
Q,GHG,E,PCH_SM,EU27_2020	: 	: 	: 	: 	-1.88 s	-2.767 s	-2.62 s	-2.314 s	-0.537 s	0.187 s	0.862 s	0.881 s	-0.463 s	-0.709 s	-1.774 s	-3.053 s	-4.324 s	-5.574 s	-5.59 s	-4.645 s	-2.535 s	-1.117 s	-0.316 s	0.202 s	-0.521 s	-0.334 s	-0.805 s	-0.473 s	-0.023 s	-0.252 s	0.173 s	0.192 s	-0.398 s	-0.602 s	-0.98 s	-1.157 s	-0.895 s	-1.408 s	-1.02 s	-0.586 s	-1.865 s	-6.234 s	-1.238 s	-0.535 s	0.638 s	6.563 s	1.629 s	1.732 s
Q,GHG,E,THS_T,EU27_2020	42605.919 s	43061.301 s	42500.219 s	42964.205 s	41804.859 s	41869.89 s	41386.753 s	41970.068 s	41580.396 s	41947.98 s	41743.7 s	42339.937 s	41387.987 s	41650.471 s	41003.053 s	41047.244 s	39598.472 s	39328.781 s	38710.785 s	39140.608 s	38594.62 s	38889.644 s	38588.418 s	39219.74 s	38393.444 s	38759.709 s	38277.876 s	39034.326 s	38384.78 s	38661.949 s	38344.194 s	39109.275 s	38231.861 s	38429.237 s	37968.318 s	38656.64 s	37889.731 s	37888.262 s	37581.039 s	38430.29 s	37183.026 s	35526.337 s	37115.899 s	38224.559 s	37420.4 s	37857.768 s	37720.558 s	38886.768 s
Q,GHG,E,T_HAB,EU27_2020	0.097 s	0.098 s	0.096 s	0.097 s	0.095 s	0.095 s	0.094 s	0.095 s	0.094 s	0.095 s	0.094 s	0.096 s	0.094 s	0.094 s	0.093 s	0.093 s	0.089 s	0.089 s	0.087 s	0.088 s	0.087 s	0.088 s	0.087 s	0.088 s	0.086 s	0.087 s	0.086 s	0.088 s	0.086 s	0.087 s	0.086 s	0.088 s	0.086 s	0.086 s	0.085 s	0.086 s	0.085 s	0.085 s	0.084 s	0.086 s	0.083 s	0.079 s	0.083 s	0.085 s	0.084 s	0.085 s	0.084 s	0.087 s
Q,GHG,F,PCH_SM,EU27_2020	: 	: 	: 	: 	8.65 s	6.384 s	4.879 s	0.999 s	-3.017 s	-5.505 s	-5.215 s	-3.885 s	-3.952 s	-1.196 s	-1.263 s	-1.443 s	-1.787 s	-3.558 s	-3.422 s	-2.182 s	0.036 s	1.239 s	2.357 s	2.327 s	0.025 s	0.453 s	-1.296 s	-0.391 s	1.513 s	0.741 s	2.988 s	4.167 s	3.661 s	4.127 s	3.03 s	1.739 s	2.327 s	-0.4 s	-0.117 s	0.158 s	-3.405 s	-15.524 s	-3.872 s	-0.356 s	3.495 s	22.73 s	7.173 s	7.426 s
Q,GHG,F,THS_T,EU27_2020	12619.195 s	13566.043 s	13530.765 s	14623.059 s	13710.744 s	14432.167 s	14190.925 s	14769.145 s	13297.068 s	13637.646 s	13450.835 s	14195.356 s	12771.579 s	13474.477 s	13280.925 s	13990.571 s	12543.308 s	12994.998 s	12826.405 s	13685.362 s	12547.78 s	13156.009 s	13128.726 s	14003.832 s	12550.969 s	13215.556 s	12958.614 s	13949.128 s	12740.878 s	13313.538 s	13345.79 s	14530.324 s	13207.294 s	13862.985 s	13750.13 s	14782.944 s	13514.629 s	13807.512 s	13734.025 s	14806.337 s	13054.436 s	11664.055 s	13202.222 s	14753.562 s	13510.671 s	14315.305 s	14149.187 s	15849.191 s
Q,GHG,F,T_HAB,EU27_2020	0.029 s	0.031 s	0.031 s	0.033 s	0.031 s	0.033 s	0.032 s	0.033 s	0.03 s	0.031 s	0.03 s	0.032 s	0.029 s	0.03 s	0.03 s	0.032 s	0.028 s	0.029 s	0.029 s	0.031 s	0.028 s	0.03 s	0.03 s	0.031 s	0.028 s	0.03 s	0.029 s	0.031 s	0.029 s	0.03 s	0.03 s	0.033 s	0.03 s	0.031 s	0.031 s	0.033 s	0.03 s	0.031 s	0.031 s	0.033 s	0.029 s	0.026 s	0.029 s	0.033 s	0.03 s	0.032 s	0.032 s	0.035 s
Q,GHG,G-U_X_H,PCH_SM,EU27_2020	: 	: 	: 	: 	-3.705 s	-5.065 s	-6.659 s	-7.868 s	-5.838 s	-4.452 s	-1.798 s	0.366 s	0.747 s	1.4 s	0.594 s	-2.076 s	-5.638 s	-7.27 s	-7.241 s	-5.206 s	-0.536 s	2.87 s	4.251 s	4.649 s	2.539 s	1.527 s	0.528 s	0.037 s	1.599 s	1.227 s	1.024 s	0.469 s	-1.108 s	-2.371 s	-2.836 s	-2.502 s	-1.541 s	-0.647 s	0.302 s	1.139 s	-1.83 s	-12.56 s	-3.22 s	-4.401 s	-1.474 s	13.434 s	6.492 s	7.836 s
Q,GHG,G-U_X_H,THS_T,EU27_2020	70104.535 s	71653.088 s	70730.891 s	73104.763 s	67507.238 s	68023.993 s	66020.703 s	67353.113 s	63566.086 s	64995.46 s	64833.399 s	67599.796 s	64040.829 s	65905.176 s	65218.509 s	66196.088 s	60430.422 s	61113.575 s	60496.199 s	62750.171 s	60106.37 s	62867.346 s	63067.991 s	65667.216 s	61632.764 s	63827.405 s	63400.918 s	65691.25 s	62618.413 s	64610.823 s	64050.21 s	65999.041 s	61924.357 s	63079.09 s	62233.668 s	64347.492 s	60970.036 s	62671.247 s	62421.533 s	65080.672 s	59854.189 s	54799.505 s	60411.314 s	62216.158 s	58971.754 s	62161.355 s	64333.16 s	67091.461 s
Q,GHG,G-U_X_H,T_HAB,EU27_2020	0.159 s	0.163 s	0.16 s	0.166 s	0.153 s	0.154 s	0.149 s	0.152 s	0.144 s	0.147 s	0.147 s	0.153 s	0.145 s	0.149 s	0.147 s	0.149 s	0.136 s	0.138 s	0.136 s	0.141 s	0.135 s	0.142 s	0.142 s	0.148 s	0.139 s	0.143 s	0.142 s	0.147 s	0.141 s	0.145 s	0.144 s	0.148 s	0.139 s	0.141 s	0.139 s	0.144 s	0.136 s	0.14 s	0.139 s	0.145 s	0.134 s	0.122 s	0.135 s	0.139 s	0.132 s	0.139 s	0.144 s	0.15 s
Q,GHG,H,PCH_SM,EU27_2020	: 	: 	: 	: 	-1.92 s	-1.597 s	-1.699 s	-1.427 s	0.172 s	-0.511 s	-2.75 s	-1.73 s	-2.825 s	-1.029 s	-1.309 s	-3.541 s	-3.366 s	-5.302 s	-3.441 s	-0.133 s	5.059 s	8.105 s	6.81 s	6.927 s	3.632 s	0.435 s	2.207 s	0.155 s	2.719 s	6.163 s	5.6 s	6.539 s	4.025 s	3.326 s	2.043 s	1.607 s	-2.655 s	0.346 s	3.051 s	1.051 s	-2.216 s	-35.724 s	-19.61 s	-20.611 s	-18.147 s	30.081 s	17.288 s	17.922 s
Q,GHG,H,THS_T,EU27_2020	106128.85 s	110281.818 s	113975.652 s	109962.979 s	104091.497 s	108520.616 s	112039.047 s	108393.536 s	104270.54 s	107966.114 s	108957.585 s	106518.736 s	101325.306 s	106854.903 s	107531.731 s	102747.369 s	97914.652 s	101189.259 s	103831.333 s	102610.599 s	102868.043 s	109391.146 s	110902.128 s	109718.931 s	106603.849 s	109866.721 s	113349.375 s	109889.006 s	109502.862 s	116637.968 s	119696.629 s	117074.939 s	113910.172 s	120517.22 s	122141.671 s	118956.693 s	110885.354 s	120934.018 s	125868.71 s	120206.507 s	108428.479 s	77731.28 s	101186.141 s	95431.202 s	88751.455 s	101113.939 s	118679.705 s	112534.049 s
Q,GHG,H,T_HAB,EU27_2020	0.241 s	0.25 s	0.258 s	0.249 s	0.236 s	0.246 s	0.254 s	0.245 s	0.236 s	0.244 s	0.246 s	0.241 s	0.229 s	0.241 s	0.243 s	0.232 s	0.221 s	0.228 s	0.234 s	0.231 s	0.232 s	0.246 s	0.25 s	0.247 s	0.24 s	0.247 s	0.255 s	0.247 s	0.246 s	0.262 s	0.268 s	0.262 s	0.255 s	0.27 s	0.273 s	0.266 s	0.248 s	0.27 s	0.281 s	0.268 s	0.242 s	0.174 s	0.226 s	0.213 s	0.198 s	0.226 s	0.265 s	0.251 s
Q,GHG,HH,PCH_SM,EU27_2020	: 	: 	: 	: 	-0.863 s	-10.935 s	-4.605 s	-10.499 s	-1.588 s	6.267 s	-3.267 s	-3.386 s	-0.338 s	2.176 s	0.861 s	-1.144 s	-11.216 s	-5.258 s	2.144 s	-2.084 s	6.8 s	3.673 s	3.096 s	-1.026 s	-1.143 s	-0.054 s	-3.34 s	9.682 s	0.727 s	-0.415 s	4.043 s	-4.178 s	5.274 s	-10.155 s	-4.668 s	-2.051 s	-7.388 s	13.684 s	1.395 s	-2.423 s	-5.771 s	-22.293 s	-6.066 s	-2.871 s	3.529 s	29.429 s	3.99 s	8.046 s
Q,GHG,HH,THS_T,EU27_2020	280184.754 s	167082.174 s	133329.107 s	262174.967 s	277766.914 s	148811.291 s	127189.955 s	234649.096 s	273356.914 s	158138.02 s	123035.228 s	226703.399 s	272432.708 s	161578.711 s	124094.204 s	224110.882 s	241876.485 s	153082.469 s	126754.484 s	219440.005 s	258325.295 s	158705.315 s	130678.963 s	217188.232 s	255373.73 s	158619.981 s	126313.778 s	238216.541 s	257230.877 s	157961.512 s	131420.386 s	228263.337 s	270796.231 s	141921.068 s	125286 s	223580.797 s	250789.651 s	161341.067 s	127033.138 s	218162.715 s	236317.594 s	125373.875 s	119327.118 s	211898.901 s	244656.737 s	162269.93 s	124088.009 s	228947.363 s
Q,GHG,HH,T_HAB,EU27_2020	0.636 s	0.379 s	0.302 s	0.594 s	0.63 s	0.337 s	0.288 s	0.531 s	0.619 s	0.358 s	0.278 s	0.512 s	0.616 s	0.365 s	0.28 s	0.506 s	0.546 s	0.345 s	0.286 s	0.495 s	0.582 s	0.358 s	0.294 s	0.488 s	0.574 s	0.356 s	0.284 s	0.535 s	0.577 s	0.354 s	0.295 s	0.511 s	0.607 s	0.318 s	0.28 s	0.5 s	0.561 s	0.361 s	0.284 s	0.487 s	0.527 s	0.28 s	0.266 s	0.473 s	0.547 s	0.363 s	0.277 s	0.511 s
Q,GHG,TOTAL_HH,PCH_SM,AT	: 	: 	: 	: 	1.577 s	-0.844 s	-4.701 s	-7.675 s	-4.8 s	-6.497 s	-4.396 s	-2.863 s	-2.76 s	-0.662 s	-0.891 s	-3.35 s	-8.301 s	-3.575 s	-3.075 s	-3.186 s	3.996 s	0.029 s	1.165 s	2.051 s	-0.549 s	0.27 s	-3.629 s	2.927 s	7.344 s	4.276 s	7.601 s	-0.554 s	-3.285 s	-5.492 s	-5.009 s	-1.025 s	-2.075 s	10.622 s	10.109 s	1.609 s	-0.672 s	-23.183 s	-11.074 s	-6.959 s	-5.327 s	21.844 s	7.541 s	9.012 s
Q,GHG,TOTAL_HH,PCH_SM,BE	: 	: 	: 	: 	-6.799 s	-8.62 s	-4.738 s	-10.856 s	-3.002 s	-0.487 s	-3.088 s	-2.008 s	1.907 s	1.382 s	-5.302 s	-2.224 s	-10.318 s	-7.732 s	1.245 s	-0.186 s	7.394 s	4.453 s	4.68 s	-0.226 s	-3.232 s	-1.938 s	-4.978 s	6.202 s	1.378 s	0.821 s	-0.77 s	-3.765 s	0.785 s	-4.029 s	2.079 s	1.592 s	-3.883 s	3.938 s	0.374 s	-1.361 s	-0.975 s	-17.056 s	-4.496 s	-6.637 s	1.434 s	26.855 s	7.092 s	12.53 s
Q,GHG,TOTAL_HH,PCH_SM,BG	: 	: 	: 	: 	9.234 s	15.053 s	4.475 s	6.645 s	0.826 s	-9.755 s	-5.745 s	-14.663 s	-17.662 s	-18.31 s	-6.993 s	7.626 s	8.619 s	16.153 s	4.693 s	-2.786 s	2.713 s	7.567 s	10.318 s	3.719 s	-5.007 s	-7.592 s	-6.805 s	3.955 s	10.506 s	12.671 s	3.679 s	-7.465 s	-10.04 s	-10.944 s	-4.555 s	0.241 s	3.519 s	0.559 s	-4.226 s	-7.597 s	-8.147 s	-12.434 s	-7.943 s	-4.395 s	0.754 s	19.038 s	22.714 s	27.12 s
Q,GHG,TOTAL_HH,PCH_SM,CY	: 	: 	: 	: 	-2.07 s	-1.885 s	-12.299 s	-4.285 s	-6.206 s	-10.133 s	-0.084 s	-11.298 s	-16.949 s	-6.988 s	-10.571 s	-0.036 s	4.819 s	3.025 s	5.484 s	0.748 s	-0.827 s	-3.151 s	-0.943 s	-0.773 s	4.11 s	6.799 s	6.439 s	6.695 s	10.706 s	1.65 s	0.998 s	-0.488 s	-5.508 s	5.466 s	0.898 s	2.015 s	-0.006 s	-5.794 s	-0.33 s	-4.325 s	0.755 s	-16.689 s	1.751 s	4.398 s	-3.136 s	20.803 s	2.311 s	0.324 s
Q,GHG,TOTAL_HH,PCH_SM,CZ	: 	: 	: 	: 	-3.112 s	-0.268 s	-1.853 s	-3.461 s	0.734 s	-0.772 s	-7.8 s	-5.426 s	-4.888 s	-6.23 s	-1.646 s	-1.939 s	-2.944 s	-0.064 s	-0.97 s	-1.325 s	-0.06 s	-1.05 s	1.092 s	0.276 s	0.504 s	0.491 s	1.786 s	5.36 s	2.193 s	-1.253 s	-2.871 s	-3.137 s	0.434 s	-2.999 s	3.928 s	0.145 s	-5.754 s	-2.638 s	-6.966 s	-5.75 s	-2.075 s	-9.3 s	-2.419 s	2.947 s	5.574 s	15.342 s	8.333 s	8.386 s
Q,GHG,TOTAL_HH,PCH_SM,DE	: 	: 	: 	: 	-1.328 s	-3.878 s	-0.908 s	-4.989 s	1.832 s	1.827 s	0.267 s	0.648 s	2.973 s	1.909 s	2.635 s	-1.226 s	-7.746 s	-5.7 s	-5.065 s	-2.349 s	1.669 s	-0.03 s	4.372 s	0.342 s	-0.106 s	2.143 s	-4.123 s	0.939 s	2.205 s	-0.992 s	-0.003 s	-5.917 s	-4.539 s	-6.348 s	-1.04 s	0.282 s	-6.038 s	-2.518 s	-8.275 s	-5.123 s	-8.588 s	-18.994 s	-7.178 s	-2.487 s	3.499 s	18.952 s	4.064 s	5.263 s
Q,GHG,TOTAL_HH,PCH_SM,DK	: 	: 	: 	: 	1.965 s	1.472 s	-1.829 s	-6.041 s	-6.92 s	-7.197 s	-8.917 s	-4.723 s	-1.1 s	0.441 s	0.114 s	-5.814 s	-10.884 s	-9.467 s	-3.177 s	-3.344 s	0.97 s	3.678 s	-4.163 s	0.007 s	4.508 s	-0.406 s	5.719 s	4.436 s	-1.553 s	1.873 s	0.885 s	-0.636 s	2.93 s	2.523 s	1.659 s	0.219 s	-8.256 s	-7.775 s	-9.324 s	-8.247 s	-3.237 s	-7.528 s	0.308 s	-1.185 s	2.52 s	12.74 s	7.814 s	8.449 s
Q,GHG,TOTAL_HH,PCH_SM,EE	: 	: 	: 	: 	-0.262 s	1.86 s	2.976 s	-6.846 s	-9.453 s	-3.428 s	-3.148 s	4.333 s	14.826 s	14.875 s	15.5 s	-1.963 s	-12.745 s	-1.229 s	-5.408 s	1.188 s	-4.598 s	-17.956 s	-16.261 s	-17.157 s	-3.634 s	-3.955 s	17.915 s	20.399 s	19.643 s	24.893 s	-7.556 s	-6.709 s	-4.253 s	-8.643 s	3.543 s	-8.709 s	-16.425 s	-27.547 s	-36.345 s	-28.421 s	-39.101 s	-29.567 s	-1.521 s	-4.72 s	14.447 s	18.529 s	4.177 s	27.684 s
Q,GHG,TOTAL_HH,PCH_SM,EL	: 	: 	: 	: 	-1.034 s	-5.715 s	-6.015 s	2.225 s	1.283 s	-3.756 s	-2.833 s	-6.851 s	-19.032 s	-6.857 s	-6.46 s	-4.32 s	1.528 s	-2.165 s	-5.644 s	-4.791 s	-3.149 s	-4.887 s	-1.104 s	1.212 s	-4.483 s	-3.264 s	-3.263 s	1.988 s	10.112 s	6.35 s	6.487 s	-0.49 s	-5.971 s	-0.278 s	0.197 s	1.554 s	4.178 s	-1.13 s	-6.536 s	-14.789 s	-11.751 s	-22.238 s	-13.422 s	-7.333 s	-8.783 s	15.166 s	12.949 s	7.636 s
Q,GHG,TOTAL_HH,PCH_SM,ES	: 	: 	: 	: 	3 s	-0.876 s	0.302 s	-2.901 s	1.499 s	-1.418 s	-4.531 s	-3.733 s	-14.617 s	-8.868 s	-4.25 s	-1.537 s	-1.402 s	2.255 s	3.984 s	-0.566 s	8.625 s	3.388 s	1.3 s	1.437 s	-5.252 s	-4.66 s	-4.694 s	1.975 s	4.731 s	5.561 s	3.026 s	3.01 s	0.543 s	-0.279 s	-0.82 s	-4.823 s	-4.075 s	-3.516 s	-5.008 s	-7.989 s	-11.613 s	-28.685 s	-11.996 s	-10.206 s	-5.183 s	24.344 s	3.596 s	10.374 s
Q,GHG,TOTAL_HH,PCH_SM,EU27_2020	: 	: 	: 	: 	-0.517 s	-2.248 s	-2.068 s	-5.067 s	-1.072 s	-1.726 s	-1.894 s	-2.504 s	-2.965 s	-2.394 s	-1.634 s	-1.794 s	-6.617 s	-2.93 s	-2.295 s	-2.176 s	2.771 s	0.852 s	2.654 s	0.84 s	-0.833 s	0.055 s	-1.888 s	2.906 s	3.135 s	1.841 s	1.28 s	-1.948 s	-1.065 s	-3.821 s	-0.628 s	-1.735 s	-4.7 s	-0.881 s	-4.517 s	-4.713 s	-6.968 s	-18.794 s	-6.111 s	-4.132 s	1.068 s	19.416 s	5.538 s	8.062 s
Q,GHG,TOTAL_HH,PCH_SM,FI	: 	: 	: 	: 	-2.899 s	-6.98 s	-11.959 s	-19.746 s	-15.875 s	-10.244 s	-3.891 s	0.871 s	0.48 s	1.406 s	3.186 s	-1.644 s	-8.937 s	-6.942 s	-4.409 s	-5.661 s	-5.805 s	-4.838 s	-7.71 s	-2.779 s	6.721 s	4.319 s	3.227 s	7.367 s	-2.976 s	-1.987 s	-4.032 s	-9.88 s	1.385 s	-2.84 s	5.864 s	3.809 s	-5.178 s	-2.634 s	-5.417 s	-6.723 s	-11.075 s	-12.609 s	-11.106 s	-9.879 s	2.891 s	5.537 s	5.776 s	11.379 s
Q,GHG,TOTAL_HH,PCH_SM,FR	: 	: 	: 	: 	-1.459 s	-5.262 s	-4.533 s	-7.191 s	-0.85 s	1.072 s	1.155 s	-0.453 s	0.611 s	0.945 s	-0.325 s	-0.858 s	-9.953 s	-5.905 s	-4.458 s	-4.632 s	3.635 s	-1.465 s	0.692 s	-0.559 s	-3.6 s	1.875 s	-0.603 s	4.026 s	2.714 s	-0.31 s	1.213 s	-1.328 s	-2.054 s	-5.037 s	-3.227 s	-5.024 s	-4.455 s	2.43 s	-0.896 s	-3.262 s	-6.861 s	-23.357 s	-4.942 s	-3.446 s	2.606 s	25.423 s	2.653 s	6.822 s
Q,GHG,TOTAL_HH,PCH_SM,HR	: 	: 	: 	: 	1.167 s	0.586 s	-5.465 s	0.311 s	-1.428 s	-9.652 s	-6.284 s	-9.914 s	-10.264 s	-4.779 s	-4.173 s	0.099 s	-3.855 s	2.001 s	-6.592 s	-5.014 s	0.912 s	-1.668 s	4.145 s	3.454 s	-1.536 s	1.952 s	-0.726 s	1.859 s	6.377 s	1.996 s	4.056 s	0.169 s	-3.375 s	-8.338 s	-1.772 s	-5.02 s	-0.133 s	3.294 s	-0.58 s	-1.382 s	-1.852 s	-6.728 s	-1.454 s	0.965 s	2.695 s	14.003 s	10.897 s	6.225 s
Q,GHG,TOTAL_HH,PCH_SM,HU	: 	: 	: 	: 	1.537 s	-1.701 s	-1.467 s	-4.3 s	-7.22 s	-11.26 s	-4.108 s	-9.734 s	-7.102 s	-0.599 s	-4.388 s	-1.968 s	-3.87 s	3.032 s	4.813 s	3.112 s	8.435 s	4.005 s	4.242 s	4.677 s	-1.266 s	-0.027 s	1.278 s	1.958 s	6.278 s	2.522 s	3.05 s	3.365 s	3.724 s	-0.608 s	-0.229 s	-1.731 s	-4.355 s	1.861 s	-0.458 s	-2.588 s	1.269 s	-11.063 s	-0.958 s	0.845 s	-3.411 s	22.939 s	8.177 s	11.89 s
Q,GHG,TOTAL_HH,PCH_SM,IE	: 	: 	: 	: 	-4.535 s	-4.921 s	-1.75 s	-7.362 s	-3.397 s	4.362 s	1.021 s	5.041 s	4.124 s	-0.381 s	0.826 s	-2.357 s	-3.402 s	-0.169 s	1.888 s	0.109 s	4.453 s	2.951 s	5.28 s	2.85 s	4.918 s	6.833 s	4.991 s	11.659 s	3.336 s	1.872 s	4.937 s	2.506 s	5.013 s	4.273 s	0.954 s	-1.867 s	-9.217 s	-0.867 s	-1.23 s	-0.066 s	-1.062 s	-31.136 s	-12.714 s	-16.96 s	-15.985 s	21.226 s	10.521 s	13.833 s
Q,GHG,TOTAL_HH,PCH_SM,IT	: 	: 	: 	: 	0.57 s	-1.894 s	-2.352 s	-4.934 s	-2.441 s	-3.227 s	-3.552 s	-7.179 s	-7.529 s	-10.131 s	-7.95 s	-4.004 s	-8.515 s	-2.633 s	-3.893 s	-3.137 s	2.646 s	1.423 s	4.667 s	3.992 s	1.107 s	-1.242 s	-3.36 s	0.605 s	-0.47 s	1.006 s	-0.999 s	-0.139 s	1.433 s	-3.391 s	0.269 s	-3.839 s	-3.488 s	2.936 s	-0.977 s	-4.956 s	-9.075 s	-23.297 s	-4.773 s	-2.628 s	2.278 s	24.631 s	2.884 s	8.305 s
Q,GHG,TOTAL_HH,PCH_SM,LT	: 	: 	: 	: 	-3.402 s	8.869 s	8.495 s	-1.575 s	0.83 s	-4.16 s	1.976 s	-1.687 s	-7.636 s	-4.146 s	-1.838 s	-7.253 s	-1.249 s	0.782 s	-0.715 s	4.624 s	0.39 s	10.389 s	1.147 s	1.184 s	1.032 s	1.835 s	-0.378 s	1.675 s	3.759 s	0.36 s	5.888 s	8.293 s	6.531 s	5.791 s	2.973 s	-1.565 s	1.366 s	2.072 s	1.316 s	3.03 s	-1.286 s	-4.323 s	2.164 s	-2.464 s	-0.365 s	6.445 s	5.153 s	8.831 s
Q,GHG,TOTAL_HH,PCH_SM,LU	: 	: 	: 	: 	-2.505 s	-6.259 s	-18.588 s	-11.714 s	-4.518 s	-0.536 s	9.053 s	-0.408 s	1.107 s	-4.179 s	-3.035 s	5.601 s	-3.607 s	0.277 s	1.503 s	1.075 s	18.91 s	11.379 s	12.918 s	1.106 s	-8.567 s	0.711 s	0.146 s	4.31 s	0.357 s	1.281 s	3.171 s	-1.246 s	0.455 s	-5.487 s	-1.517 s	7.578 s	-5.468 s	9.012 s	15.394 s	1.859 s	0.928 s	-2.464 s	-14.746 s	-11.867 s	0.116 s	-1.058 s	-1.592 s	2.628 s
Q,GHG,TOTAL_HH,PCH_SM,LV	: 	: 	: 	: 	-8.929 s	-3.03 s	-8.019 s	-7.138 s	-3.958 s	-5.341 s	4.469 s	-4.211 s	-2.993 s	-2.289 s	-1.538 s	1.408 s	-7.793 s	12.7 s	-0.958 s	1.622 s	-1.697 s	-2.253 s	7.273 s	2.414 s	3.255 s	0.505 s	-6.238 s	0.846 s	6.191 s	4.646 s	2.71 s	-3.886 s	3.667 s	0.43 s	5.845 s	6.456 s	-7.681 s	3.971 s	9.855 s	-4.804 s	-5.353 s	-7.945 s	-13.728 s	-4.293 s	8.81 s	5.101 s	16.333 s	13.2 s
Q,GHG,TOTAL_HH,PCH_SM,MT	: 	: 	: 	: 	-0.645 s	-1.452 s	2.241 s	1.219 s	7.382 s	6.713 s	7.356 s	1.33 s	-6.789 s	-8.352 s	-12.048 s	-5.132 s	-1.268 s	2.953 s	2.971 s	2.205 s	2.817 s	-22.554 s	-30.446 s	-29.386 s	-31.721 s	-13.98 s	-1.505 s	-2.357 s	3.466 s	12.501 s	12.27 s	9.998 s	6.802 s	2.625 s	-0.551 s	4.986 s	5.704 s	14.205 s	6.408 s	1.786 s	-1.957 s	-28.749 s	-19.954 s	-24.226 s	-20.095 s	17.608 s	11.895 s	22.929 s
Q,GHG,TOTAL_HH,PCH_SM,NL	: 	: 	: 	: 	-4.304 s	-6.324 s	-4.697 s	-7.856 s	-1.331 s	-0.864 s	-1.559 s	-1.327 s	-0.405 s	1.351 s	-0.189 s	-0.366 s	-7.29 s	-2.918 s	0.731 s	-0.77 s	5.896 s	3.958 s	3.866 s	-0.067 s	-1.216 s	-1.442 s	-2.317 s	3.841 s	0.755 s	-0.268 s	-2.725 s	-4.434 s	-0.259 s	-4.006 s	-1.902 s	-4.63 s	-2.493 s	-6.69 s	-7.586 s	4.588 s	-7.992 	-16.562 	-2.655 	-13.656 	-2.575 	12.366 	-2.414 	2.056 
Q,GHG,TOTAL_HH,PCH_SM,PL	: 	: 	: 	: 	1.872 s	2.116 s	-0.625 s	-4.198 s	-1.904 s	-2.708 s	-1.367 s	-0.729 s	-1.084 s	-1.016 s	0.267 s	-1.985 s	-6.132 s	-1.507 s	-1.784 s	-1.219 s	0.327 s	0.972 s	0.895 s	0.123 s	2.438 s	1.278 s	2.232 s	6.271 s	6.718 s	5.853 s	5.044 s	0.05 s	1.852 s	-3.832 s	0.074 s	-0.957 s	-7.127 s	-0.465 s	-4.585 s	-5.574 s	-4.084 s	-10.004 s	-3.447 s	-0.393 s	5.296 s	14.533 s	11.536 s	11.571 s
Q,GHG,TOTAL_HH,PCH_SM,PT	: 	: 	: 	: 	2.766 s	-1.037 s	-4.23 s	-4.68 s	0.684 s	-3.413 s	0.66 s	-6.999 s	-4.777 s	-0.987 s	-7.661 s	2.709 s	-6.314 s	-0.393 s	4 s	2.028 s	10.665 s	6.821 s	4.151 s	2.47 s	-6.377 s	-6.503 s	-0.7 s	0.22 s	11.25 s	11.101 s	4.624 s	2.37 s	-4.414 s	-6.372 s	-2.742 s	-5.121 s	-6.417 s	-2.216 s	-7.793 s	-2.303 s	-0.096 s	-21.563 s	-2.84 s	-3.054 s	-6.882 s	22.718 s	0.402 s	4.114 s
Q,GHG,TOTAL_HH,PCH_SM,RO	: 	: 	: 	: 	4.223 s	8.896 s	6.18 s	7.822 s	2.105 s	-5.171 s	0.536 s	-4.625 s	-9.734 s	-9.127 s	-6.524 s	-2.854 s	1.644 s	3.127 s	-0.928 s	-1.946 s	-2.676 s	-1.1 s	7.863 s	0.47 s	-0.804 s	0.242 s	-5.194 s	-1.712 s	5.781 s	3.672 s	2.657 s	1.351 s	2.186 s	-2.802 s	0.47 s	3.436 s	-3.96 s	-0.663 s	-3.01 s	-5.586 s	-1.318 s	-12.815 s	-4.519 s	-1.394 s	1.333 s	23.07 s	8.528 s	7.128 s
Q,GHG,TOTAL_HH,PCH_SM,SE	: 	: 	: 	: 	-7.686 	-5.518 	-4.819 	-15.244 	-7.954 	-6.347 	-4.415 	-0.169 	-0.741 	-0.01 	-0.161 	-6.265 	-7.595 	-1.414 	0.345 	1.651 	6.144 	2.178 	0.844 	2.722 	-1.727 	-1.195 	1.294 	0.979 	-4.784 	-1.367 	-1.524 	-3.7 	-0.739 	-2.489 	-3.54 	-2.635 	-1.867 	-2.519 	-0.967 	-5.599 	-11.188 	-11.859 	-9.925 	-7.588 	-3.495 	6.286 	3.438 	2.446 
Q,GHG,TOTAL_HH,PCH_SM,SI	: 	: 	: 	: 	1.392 s	4.462 s	-1.79 s	-5.021 s	-2.974 s	-3.023 s	-2.899 s	-5.969 s	-7.697 s	-10.382 s	1.822 s	2.361 s	-6.101 s	2.492 s	-11.861 s	-16.462 s	-2.226 s	-0.388 s	7.861 s	6.065 s	1.686 s	1.539 s	4.677 s	15.18 s	10.483 s	4.678 s	1.537 s	-5.912 s	0.175 s	-7.485 s	0.311 s	3.326 s	-6.054 s	6.737 s	-3.395 s	-2.437 s	-6.245 s	-14.287 s	0.767 s	2.203 s	6.769 s	12.072 s	-2.715 s	2.131 s
Q,GHG,TOTAL_HH,PCH_SM,SK	: 	: 	: 	: 	-0.287 s	0.991 s	-1.946 s	-5.48 s	-5.151 s	-8.903 s	-5.374 s	-1.096 s	-0.838 s	-0.673 s	-2.059 s	-0.748 s	-6.733 s	-3.939 s	-5.594 s	-2.81 s	2.456 s	2.508 s	3.897 s	0.153 s	-1.577 s	0.039 s	1.966 s	3.419 s	3.642 s	1.9 s	3.311 s	2.004 s	2.828 s	-1.329 s	1.131 s	-2.965 s	-3.053 s	-2.648 s	-7.906 s	-7.283 s	-7.429 s	-17.275 s	-2.911 s	2.352 s	5.27 s	22.791 s	9.116 s	6.358 s
Q,GHG,TOTAL_HH,THS_T,AT	21475.939 s	18947.351 s	18577.52 s	22510.984 s	21814.51 s	18787.474 s	17704.195 s	20783.216 s	20767.378 s	17566.829 s	16925.843 s	20188.222 s	20194.251 s	17450.577 s	16775.038 s	19511.909 s	18517.868 s	16826.731 s	16259.149 s	18890.306 s	19257.859 s	16831.666 s	16448.512 s	19277.83 s	19152.078 s	16877.086 s	15851.63 s	19842.117 s	20558.577 s	17598.675 s	17056.439 s	19732.098 s	19883.231 s	16632.134 s	16202.151 s	19529.815 s	19470.713 s	18398.803 s	17840.015 s	19844.046 s	19339.812 s	14133.357 s	15864.382 s	18463.085 s	18309.565 s	17220.595 s	17060.695 s	20127.06 s
Q,GHG,TOTAL_HH,THS_T,BE	38314.647 s	32491.924 s	28788.822 s	36992.273 s	35709.781 s	29691.171 s	27424.828 s	32976.212 s	34637.65 s	29546.654 s	26578.002 s	32313.986 s	35298.249 s	29954.919 s	25168.72 s	31595.223 s	31656 s	27638.87 s	25482.19 s	31536.469 s	33996.636 s	28869.656 s	26674.706 s	31465.168 s	32898.012 s	28310.274 s	25346.802 s	33416.707 s	33351.477 s	28542.666 s	25151.563 s	32158.617 s	33613.415 s	27392.737 s	25674.343 s	32670.635 s	32308.042 s	28471.515 s	25770.272 s	32226.116 s	31992.979 s	23615.275 s	24611.753 s	30087.42 s	32451.909 s	29957.059 s	26357.299 s	33857.343 s
Q,GHG,TOTAL_HH,THS_T,BG	15111.796 s	13393.618 s	15392.687 s	17236.514 s	16507.294 s	15409.806 s	16081.489 s	18381.818 s	16643.711 s	13906.545 s	15157.612 s	15686.459 s	13704.106 s	11360.3 s	14097.57 s	16882.705 s	14885.24 s	13195.289 s	14759.211 s	16412.272 s	15289.113 s	14193.726 s	16282.114 s	17022.604 s	14523.615 s	13116.101 s	15174.113 s	17695.93 s	16049.459 s	14778.034 s	15732.328 s	16374.878 s	14438.068 s	13160.702 s	15015.649 s	16414.359 s	14946.148 s	13234.31 s	14381.065 s	15167.291 s	13728.557 s	11588.7 s	13238.721 s	14500.669 s	13832.048 s	13794.904 s	16245.725 s	18433.307 s
Q,GHG,TOTAL_HH,THS_T,CY	2626.981 s	2348.62 s	2706.414 s	2421.055 s	2572.612 s	2304.347 s	2373.541 s	2317.309 s	2412.954 s	2070.844 s	2371.554 s	2055.492 s	2003.985 s	1926.136 s	2120.866 s	2054.747 s	2100.561 s	1984.409 s	2237.173 s	2070.119 s	2083.19 s	1921.883 s	2216.069 s	2054.112 s	2168.801 s	2052.556 s	2358.761 s	2191.63 s	2400.988 s	2086.432 s	2382.294 s	2180.929 s	2268.749 s	2200.486 s	2403.695 s	2224.867 s	2268.617 s	2072.985 s	2395.764 s	2128.651 s	2285.753 s	1727.024 s	2437.709 s	2222.262 s	2214.081 s	2086.294 s	2494.056 s	2229.454 s
Q,GHG,TOTAL_HH,THS_T,CZ	35241.533 s	30209.392 s	30003.905 s	35024.076 s	34144.7 s	30128.377 s	29447.862 s	33811.752 s	34395.411 s	29895.734 s	27151.057 s	31976.97 s	32714.134 s	28033.225 s	26704.207 s	31357.037 s	31751.066 s	28015.218 s	26445.132 s	30941.413 s	31732.081 s	27721.197 s	26733.938 s	31026.689 s	31891.919 s	27857.177 s	27211.472 s	32689.836 s	32591.433 s	27508.161 s	26430.1 s	31664.449 s	32732.735 s	26683.173 s	27468.371 s	31710.501 s	30849.422 s	25979.399 s	25554.92 s	29887.044 s	30209.277 s	23563.268 s	24936.647 s	30767.821 s	31893.169 s	27178.339 s	27014.564 s	33347.934 s
Q,GHG,TOTAL_HH,THS_T,DE	272181.34 s	235752.841 s	223141.715 s	277091.541 s	268567.529 s	226610.573 s	221116.233 s	263267.09 s	273487.171 s	230750.435 s	221705.582 s	264974.251 s	281617.14 s	235155.535 s	227548.423 s	261724.793 s	259802.875 s	221751.292 s	216022.564 s	255575.825 s	264139.791 s	221685.517 s	225467.928 s	256449.505 s	263859.449 s	226435.926 s	216171.946 s	258858.035 s	269676.502 s	224188.867 s	216165.282 s	243542.449 s	257436.53 s	209958.027 s	213917.102 s	244229.744 s	241891.909 s	204671.363 s	196215.307 s	231717.815 s	221117.061 s	165795.184 s	182130.816 s	225953.979 s	228854.983 s	197216.711 s	189532.146 s	237846.482 s
Q,GHG,TOTAL_HH,THS_T,DK	26668.815 s	24222.875 s	23869.476 s	26854.897 s	27192.805 s	24579.492 s	23432.978 s	25232.721 s	25311.135 s	22810.521 s	21343.345 s	24041.092 s	25032.66 s	22911.186 s	21367.702 s	22643.276 s	22308.217 s	20742.218 s	20688.786 s	21886.187 s	22524.509 s	21505.13 s	19827.534 s	21887.721 s	23539.921 s	21417.856 s	20961.44 s	22858.626 s	23174.412 s	21819.02 s	21146.931 s	22713.295 s	23853.514 s	22369.439 s	21497.845 s	22762.94 s	21884.221 s	20630.147 s	19493.469 s	20885.641 s	21175.925 s	19077.098 s	19553.606 s	20638.089 s	21709.629 s	21507.552 s	21081.595 s	22381.714 s
Q,GHG,TOTAL_HH,THS_T,EE	5973.278 s	4948.825 s	5098.644 s	5984.504 s	5957.599 s	5040.889 s	5250.355 s	5574.799 s	5394.432 s	4868.072 s	5085.098 s	5816.343 s	6194.207 s	5592.219 s	5873.282 s	5702.191 s	5404.734 s	5523.509 s	5555.654 s	5769.937 s	5156.218 s	4531.697 s	4652.273 s	4779.976 s	4968.828 s	4352.451 s	5485.708 s	5755.024 s	5944.849 s	5435.888 s	5071.188 s	5368.936 s	5692.025 s	4966.067 s	5250.875 s	4901.369 s	4757.104 s	3598.072 s	3342.42 s	3508.328 s	2897.024 s	2534.213 s	3291.567 s	3342.743 s	3315.562 s	3003.773 s	3429.052 s	4268.145 s
Q,GHG,TOTAL_HH,THS_T,EL	33114.934 s	30721.798 s	33378.599 s	30974.997 s	32772.511 s	28966.127 s	31370.781 s	31664.283 s	33192.948 s	27878.16 s	30482.155 s	29494.982 s	26875.724 s	25966.693 s	28513.013 s	28220.842 s	27286.341 s	25404.388 s	26903.766 s	26868.879 s	26427.028 s	24162.929 s	26606.813 s	27194.412 s	25242.43 s	23374.297 s	25738.541 s	27734.971 s	27794.969 s	24858.648 s	27408.318 s	27599.076 s	26135.466 s	24789.542 s	27462.397 s	28027.924 s	27227.316 s	24509.327 s	25667.517 s	23883.012 s	24027.82 s	19058.963 s	22222.525 s	22131.62 s	21917.35 s	21949.362 s	25100.09 s	23821.571 s
Q,GHG,TOTAL_HH,THS_T,ES	91844.209 s	88345.347 s	88150.222 s	95923.272 s	94599.436 s	87571.367 s	88416.807 s	93140.355 s	96017.778 s	86329.292 s	84410.664 s	89663.072 s	81982.752 s	78673.213 s	80822.905 s	88284.591 s	80833.252 s	80447.395 s	84043.172 s	87784.686 s	87805.32 s	83173.155 s	85136.089 s	89046.292 s	83193.519 s	79297.011 s	81140.22 s	90804.912 s	87129.505 s	83706.734 s	83595.29 s	93537.881 s	87602.791 s	83473.416 s	82909.663 s	89026.142 s	84032.916 s	80538.818 s	78757.837 s	81913.58 s	74274.027 s	57436.555 s	69310.382 s	73553.689 s	70424.756 s	71418.747 s	71802.545 s	81184.163 s
Q,GHG,TOTAL_HH,THS_T,EU27_2020	1171642.068 s	1024765.235 s	993934.714 s	1186726.904 s	1165589.582 s	1001728.823 s	973377.305 s	1126591.235 s	1153089.021 s	984443.93 s	954941.293 s	1098379.895 s	1118900.352 s	960873.235 s	939333.628 s	1078674.334 s	1044864.314 s	932723.435 s	917771.873 s	1055199.715 s	1073820.888 s	940666.688 s	942127.495 s	1064058.871 s	1064877.099 s	941181.015 s	924344.043 s	1094983.335 s	1098259.04 s	958506.321 s	936177.063 s	1073650.807 s	1086565.689 s	921877.409 s	930295.653 s	1055025.966 s	1035493.739 s	913753.505 s	888273.222 s	1005297.679 s	963336.053 s	742019.027 s	833994.522 s	963758.064 s	973620.754 s	886091.693 s	880182.628 s	1041453.411 s
Q,GHG,TOTAL_HH,THS_T,FI	22483.502 s	18675.036 s	17153.726 s	21698.64 s	21831.727 s	17371.605 s	15102.274 s	17414.12 s	18365.968 s	15592.018 s	14514.599 s	17565.818 s	18454.101 s	15811.182 s	14977.087 s	17276.972 s	16804.812 s	14713.511 s	14316.803 s	16298.862 s	15829.219 s	14001.655 s	13213.013 s	15845.919 s	16893.104 s	14606.428 s	13639.35 s	17013.31 s	16390.398 s	14316.15 s	13089.401 s	15332.367 s	16617.419 s	13909.571 s	13856.985 s	15916.43 s	15756.934 s	13543.175 s	13106.413 s	14846.313 s	14011.811 s	11835.532 s	11650.844 s	13379.599 s	14416.873 s	12490.911 s	12323.748 s	14902.017 s
Q,GHG,TOTAL_HH,THS_T,FR	144616.5 s	122863.811 s	112801.27 s	141971.132 s	142506.494 s	116398.237 s	107687.479 s	131762.364 s	141294.61 s	117646.038 s	108930.963 s	131165.954 s	142158.353 s	118757.25 s	108576.544 s	130040.194 s	128009.898 s	111744.175 s	103735.737 s	124017.101 s	132663.659 s	110106.812 s	104453.962 s	123323.504 s	127887.673 s	112170.93 s	103823.811 s	128288.185 s	131358.196 s	111822.683 s	105083.492 s	126584.727 s	128659.851 s	106190.483 s	101692.305 s	120224.864 s	122927.664 s	108771.275 s	100780.647 s	116303.481 s	114493.024 s	83365.689 s	95799.705 s	112295.881 s	117476.277 s	104559.372 s	98341.21 s	119956.596 s
Q,GHG,TOTAL_HH,THS_T,HR	6950.532 s	6435.215 s	7257.807 s	7264.011 s	7031.636 s	6472.947 s	6861.149 s	7286.596 s	6931.209 s	5848.189 s	6430.018 s	6564.172 s	6219.812 s	5568.729 s	6161.685 s	6570.67 s	5980.042 s	5680.162 s	5755.495 s	6241.222 s	6034.6 s	5585.419 s	5994.088 s	6456.77 s	5941.916 s	5694.437 s	5950.55 s	6576.777 s	6320.819 s	5808.092 s	6191.89 s	6587.88 s	6107.477 s	5323.817 s	6082.181 s	6257.169 s	6099.365 s	5499.187 s	6046.932 s	6170.685 s	5986.433 s	5129.176 s	5959.012 s	6230.223 s	6147.754 s	5847.42 s	6608.392 s	6618.055 s
Q,GHG,TOTAL_HH,THS_T,HU	19292.295 s	16242.017 s	15820.658 s	20630.857 s	19588.873 s	15965.794 s	15588.581 s	19743.816 s	18174.556 s	14167.993 s	14948.151 s	17821.946 s	16883.784 s	14083.192 s	14292.213 s	17471.243 s	16230.372 s	14510.14 s	14980.053 s	18014.905 s	17599.376 s	15091.21 s	15615.476 s	18857.484 s	17376.544 s	15087.163 s	15815.058 s	19226.739 s	18467.453 s	15467.68 s	16297.409 s	19873.716 s	19155.148 s	15373.68 s	16260.077 s	19529.767 s	18320.86 s	15659.712 s	16185.657 s	19024.359 s	18553.292 s	13927.211 s	16030.634 s	19185.021 s	17920.483 s	17121.971 s	17341.416 s	21466.107 s
Q,GHG,TOTAL_HH,THS_T,IE	18778.704 s	17160.559 s	15802.953 s	17852.89 s	17927.132 s	16316.083 s	15526.41 s	16538.542 s	17318.131 s	17027.79 s	15684.895 s	17372.261 s	18032.357 s	16962.852 s	15814.523 s	16962.855 s	17418.862 s	16934.259 s	16113.057 s	16981.363 s	18194.45 s	17433.938 s	16963.904 s	17465.399 s	19089.336 s	18625.286 s	17810.501 s	19501.623 s	19726.116 s	18973.935 s	18689.782 s	19990.295 s	20714.961 s	19784.651 s	18868.084 s	19617.169 s	18805.603 s	19613.055 s	18636.012 s	19604.222 s	18605.913 s	13506.359 s	16266.571 s	16279.356 s	15631.783 s	16373.193 s	17977.927 s	18531.309 s
Q,GHG,TOTAL_HH,THS_T,IT	144543.668 s	123288.863 s	119958.668 s	143304.932 s	145367.766 s	120954.148 s	117137.464 s	136234.76 s	141820.011 s	117051.396 s	112976.783 s	126453.829 s	131141.998 s	105192.605 s	103995 s	121390.139 s	119975.265 s	102423.111 s	99946.896 s	117582.147 s	123150.307 s	103880.52 s	104610.955 s	122276.304 s	124513.675 s	102590.252 s	101096.147 s	123015.803 s	123928.92 s	103622.524 s	100085.714 s	122844.537 s	125704.807 s	100108.847 s	100354.822 s	118129.128 s	121320.101 s	103048.145 s	99374.737 s	112275.112 s	110309.839 s	79041.265 s	94631.77 s	109325.077 s	112822.415 s	98510.158 s	97361.076 s	118404.109 s
Q,GHG,TOTAL_HH,THS_T,LT	5896.177 s	5239.936 s	5651.281 s	6074.166 s	5695.566 s	5704.654 s	6131.366 s	5978.496 s	5742.811 s	5467.345 s	6252.549 s	5877.62 s	5304.307 s	5240.66 s	6137.598 s	5451.325 s	5238.072 s	5281.662 s	6093.696 s	5703.412 s	5258.479 s	5830.398 s	6163.621 s	5770.964 s	5312.762 s	5937.366 s	6140.353 s	5867.62 s	5512.476 s	5958.77 s	6501.87 s	6354.201 s	5872.499 s	6303.836 s	6695.179 s	6254.762 s	5952.695 s	6434.472 s	6783.277 s	6444.311 s	5876.17 s	6156.29 s	6930.068 s	6285.531 s	5854.751 s	6553.038 s	7287.16 s	6840.615 s
Q,GHG,TOTAL_HH,THS_T,LU	2744.849 s	2431.931 s	2293.417 s	2735.218 s	2676.093 s	2279.709 s	1867.124 s	2414.828 s	2555.177 s	2267.497 s	2036.145 s	2404.972 s	2583.453 s	2172.732 s	1974.35 s	2539.682 s	2490.273 s	2178.756 s	2004.026 s	2566.982 s	2961.177 s	2426.676 s	2262.914 s	2595.38 s	2707.498 s	2443.934 s	2266.21 s	2707.236 s	2717.155 s	2475.23 s	2338.071 s	2673.498 s	2729.513 s	2339.402 s	2302.61 s	2876.105 s	2580.274 s	2550.234 s	2657.082 s	2929.561 s	2604.225 s	2487.404 s	2265.275 s	2581.901 s	2607.235 s	2461.081 s	2229.22 s	2649.742 s
Q,GHG,TOTAL_HH,THS_T,LV	3742.256 s	2939.747 s	3249.489 s	3542.924 s	3408.104 s	2850.675 s	2988.901 s	3290.037 s	3273.225 s	2698.434 s	3122.465 s	3151.484 s	3175.243 s	2636.666 s	3074.435 s	3195.866 s	2927.802 s	2971.516 s	3044.968 s	3247.71 s	2878.122 s	2904.578 s	3266.426 s	3326.125 s	2971.801 s	2919.24 s	3062.665 s	3354.273 s	3155.8 s	3054.863 s	3145.67 s	3223.933 s	3271.511 s	3068.004 s	3329.545 s	3432.065 s	3020.214 s	3189.827 s	3657.685 s	3267.183 s	2858.529 s	2936.395 s	3155.543 s	3126.928 s	3110.377 s	3086.181 s	3670.951 s	3539.68 s
Q,GHG,TOTAL_HH,THS_T,MT	813.132 s	802.89 s	909.711 s	800.212 s	807.887 s	791.231 s	930.099 s	809.965 s	867.523 s	844.347 s	998.52 s	820.738 s	808.625 s	773.825 s	878.22 s	778.62 s	798.367 s	796.678 s	904.311 s	795.787 s	820.859 s	616.994 s	628.987 s	561.941 s	560.472 s	530.74 s	619.523 s	548.698 s	579.896 s	597.088 s	695.539 s	603.557 s	619.338 s	612.76 s	691.706 s	633.651 s	654.665 s	699.8 s	736.028 s	644.966 s	641.853 s	498.617 s	589.161 s	488.718 s	512.875 s	586.411 s	659.241 s	600.775 s
Q,GHG,TOTAL_HH,THS_T,NL	63002.276 s	54540.718 s	50375.088 s	62748.641 s	60290.584 s	51091.776 s	48008.755 s	57819.096 s	59487.883 s	50650.28 s	47260.264 s	57051.821 s	59246.714 s	51334.748 s	47171.049 s	56842.727 s	54927.539 s	49836.938 s	47515.831 s	56404.764 s	58165.992 s	51809.31 s	49352.973 s	56367.082 s	57458.638 s	51062.093 s	48209.447 s	58531.867 s	57892.71 s	50925.167 s	46895.908 s	55936.629 s	57742.63 s	48885.021 s	46004.034 s	53346.606 s	56303.36 	45614.761 	42514.035 	55794.395 	51803.575 	38059.944 	41385.156 	48175.232 	50469.78 	42766.352 	40386.207 	49165.476 
Q,GHG,TOTAL_HH,THS_T,PL	113489.531 s	96582.352 s	95101.131 s	118062.981 s	115613.816 s	98626.399 s	94506.36 s	113106.933 s	113411.967 s	95956.08 s	93214.486 s	112282.903 s	112182.168 s	94981.646 s	93463.746 s	110054.168 s	105302.966 s	93550.072 s	91796.488 s	108713.024 s	105646.873 s	94459.408 s	92618.259 s	108846.276 s	108222.193 s	95666.489 s	94685.738 s	115671.581 s	115492.192 s	101265.998 s	99461.223 s	115729.552 s	117630.96 s	97385.124 s	99534.639 s	114622.461 s	109247.646 s	96931.815 s	94970.492 s	108233.151 s	104785.621 s	87234.488 s	91696.686 s	107807.716 s	110335.531 s	99911.861 s	102274.658 s	120282.364 s
Q,GHG,TOTAL_HH,THS_T,PT	17097.202 s	17168.473 s	18608.288 s	18556.522 s	17570.172 s	16990.502 s	17821.15 s	17688.105 s	17690.339 s	16410.592 s	17938.751 s	16450.17 s	16845.216 s	16248.543 s	16564.422 s	16895.793 s	15781.546 s	16184.755 s	17226.991 s	17238.43 s	17464.609 s	17288.781 s	17942.039 s	17664.278 s	16350.841 s	16164.511 s	17816.503 s	17703.092 s	18190.294 s	17958.898 s	18640.338 s	18122.631 s	17387.386 s	16814.474 s	18129.26 s	17194.5 s	16271.652 s	16441.912 s	16716.409 s	16798.477 s	16256.083 s	12896.543 s	16241.586 s	16285.516 s	15137.305 s	15826.371 s	16306.867 s	16955.534 s
Q,GHG,TOTAL_HH,THS_T,RO	29212.447 s	27089.926 s	28991.698 s	34137.975 s	30445.945 s	29499.803 s	30783.349 s	36808.185 s	31086.841 s	27974.239 s	30948.474 s	35105.695 s	28060.947 s	25420.892 s	28929.513 s	34103.72 s	28522.262 s	26215.803 s	28661.1 s	33440.153 s	27759.011 s	25927.332 s	30914.834 s	33597.314 s	27535.788 s	25990.005 s	29308.979 s	33022.099 s	29127.736 s	26944.366 s	30087.579 s	33468.333 s	29764.448 s	26189.258 s	30228.928 s	34618.144 s	28585.673 s	26015.545 s	29319.144 s	32684.377 s	28208.927 s	22681.563 s	27994.357 s	32228.656 s	28585.019 s	27914.196 s	30381.822 s	34525.798 s
Q,GHG,TOTAL_HH,THS_T,SE	19222.258 	16474.464 	15348.197 	18642.281 	17744.8 	15565.37 	14608.532 	15800.361 	16333.443 	14577.396 	13963.586 	15773.734 	16212.453 	14575.93 	13941.079 	14785.553 	14981.068 	14369.778 	13989.186 	15029.7 	15901.576 	14682.755 	14107.193 	15438.843 	15626.897 	14507.344 	14289.706 	15590.064 	14879.305 	14309.051 	14071.901 	15013.287 	14769.363 	13952.945 	13573.719 	14617.742 	14493.691 	13601.506 	13442.505 	13799.329 	12872.19 	11988.554 	12108.333 	12752.169 	12422.336 	12742.151 	12524.572 	13064.092 
Q,GHG,TOTAL_HH,THS_T,SI	5381.813 s	4624.273 s	4847.545 s	5531.345 s	5456.726 s	4830.598 s	4760.782 s	5253.616 s	5294.447 s	4684.553 s	4622.757 s	4940.036 s	4886.953 s	4198.182 s	4707.002 s	5056.654 s	4588.785 s	4302.785 s	4148.715 s	4224.247 s	4486.651 s	4286.091 s	4474.862 s	4480.439 s	4562.314 s	4352.039 s	4684.151 s	5160.579 s	5040.565 s	4555.611 s	4756.124 s	4855.486 s	5049.384 s	4214.609 s	4770.902 s	5016.959 s	4743.718 s	4498.529 s	4608.933 s	4894.706 s	4447.469 s	3855.841 s	4644.289 s	5002.513 s	4748.524 s	4321.316 s	4518.178 s	5109.108 s
Q,GHG,TOTAL_HH,THS_T,SK	11821.454 s	10822.436 s	10655.785 s	12158.062 s	11787.485 s	10929.668 s	10448.461 s	11491.86 s	11180.311 s	9956.654 s	9886.977 s	11365.873 s	11086.657 s	9889.601 s	9683.437 s	11280.838 s	10340.229 s	9500.016 s	9141.723 s	10963.813 s	10594.182 s	9738.256 s	9498.012 s	10980.542 s	10427.074 s	9742.023 s	9684.718 s	11356.002 s	10806.838 s	9927.091 s	10005.42 s	11583.572 s	11112.469 s	9795.204 s	10118.584 s	11240.148 s	10773.215 s	9535.815 s	9318.649 s	10421.528 s	9972.862 s	7888.52 s	9047.42 s	10666.65 s	10498.382 s	9686.372 s	9872.216 s	11344.86 s
Q,GHG,TOTAL_HH,T_HAB,AT	2.571 s	2.267 s	2.222 s	2.689 s	2.604 s	2.241 s	2.11 s	2.473 s	2.469 s	2.087 s	2.008 s	2.39 s	2.388 s	2.061 s	1.977 s	2.295 s	2.174 s	1.972 s	1.901 s	2.203 s	2.241 s	1.955 s	1.904 s	2.221 s	2.198 s	1.933 s	1.812 s	2.263 s	2.342 s	2.003 s	1.938 s	2.238 s	2.253 s	1.884 s	1.832 s	2.206 s	2.197 s	2.074 s	2.009 s	2.231 s	2.172 s	1.586 s	1.778 s	2.067 s	2.049 s	1.925 s	1.904 s	2.242 s
Q,GHG,TOTAL_HH,T_HAB,BE	3.529 s	2.987 s	2.639 s	3.381 s	3.245 s	2.693 s	2.481 s	2.979 s	3.124 s	2.663 s	2.392 s	2.902 s	3.167 s	2.687 s	2.254 s	2.826 s	2.83 s	2.468 s	2.272 s	2.806 s	3.022 s	2.563 s	2.365 s	2.784 s	2.908 s	2.5 s	2.236 s	2.944 s	2.936 s	2.511 s	2.21 s	2.822 s	2.947 s	2.399 s	2.246 s	2.853 s	2.818 s	2.48 s	2.242 s	2.798 s	2.773 s	2.047 s	2.132 s	2.603 s	2.806 s	2.587 s	2.273 s	2.914 s
Q,GHG,TOTAL_HH,T_HAB,BG	2 s	1.776 s	2.045 s	2.295 s	2.221 s	2.095 s	2.188 s	2.506 s	2.274 s	1.903 s	2.076 s	2.151 s	1.882 s	1.562 s	1.94 s	2.327 s	2.055 s	1.823 s	2.043 s	2.276 s	2.123 s	1.973 s	2.265 s	2.374 s	2.031 s	1.835 s	2.126 s	2.486 s	2.261 s	2.084 s	2.221 s	2.318 s	2.049 s	1.869 s	2.133 s	2.338 s	2.136 s	1.892 s	2.057 s	2.176 s	1.975 s	1.668 s	1.911 s	2.097 s	2 s	1.998 s	2.356 s	2.681 s
Q,GHG,TOTAL_HH,T_HAB,CY	3.199 s	2.845 s	3.256 s	2.892 s	3.056 s	2.722 s	2.783 s	2.696 s	2.798 s	2.398 s	2.743 s	2.375 s	2.317 s	2.232 s	2.463 s	2.392 s	2.453 s	2.324 s	2.625 s	2.438 s	2.465 s	2.279 s	2.622 s	2.423 s	2.557 s	2.418 s	2.77 s	2.567 s	2.806 s	2.431 s	2.763 s	2.524 s	2.62 s	2.532 s	2.753 s	2.541 s	2.589 s	2.36 s	2.711 s	2.399 s	2.571 s	1.938 s	2.73 s	2.483 s	2.468 s	2.32 s	2.767 s	2.467 s
Q,GHG,TOTAL_HH,T_HAB,CZ	3.354 s	2.874 s	2.852 s	3.326 s	3.255 s	2.871 s	2.805 s	3.218 s	3.274 s	2.845 s	2.582 s	3.041 s	3.111 s	2.667 s	2.54 s	2.982 s	3.019 s	2.663 s	2.512 s	2.937 s	3.011 s	2.63 s	2.535 s	2.941 s	3.021 s	2.638 s	2.575 s	3.091 s	3.081 s	2.599 s	2.495 s	2.986 s	3.085 s	2.513 s	2.583 s	2.979 s	2.896 s	2.437 s	2.394 s	2.796 s	2.825 s	2.203 s	2.329 s	2.874 s	2.981 s	2.541 s	2.526 s	3.118 s
Q,GHG,TOTAL_HH,T_HAB,DE	3.39 s	2.937 s	2.78 s	3.451 s	3.348 s	2.824 s	2.754 s	3.277 s	3.404 s	2.871 s	2.756 s	3.29 s	3.496 s	2.919 s	2.821 s	3.239 s	3.214 s	2.741 s	2.666 s	3.148 s	3.246 s	2.72 s	2.759 s	3.123 s	3.21 s	2.751 s	2.624 s	3.138 s	3.267 s	2.713 s	2.614 s	2.942 s	3.109 s	2.534 s	2.579 s	2.941 s	2.913 s	2.464 s	2.361 s	2.786 s	2.659 s	1.994 s	2.19 s	2.716 s	2.752 s	2.372 s	2.278 s	2.856 s
Q,GHG,TOTAL_HH,T_HAB,DK	4.816 s	4.371 s	4.3 s	4.831 s	4.889 s	4.416 s	4.205 s	4.522 s	4.534 s	4.084 s	3.816 s	4.292 s	4.467 s	4.086 s	3.805 s	4.025 s	3.962 s	3.68 s	3.663 s	3.868 s	3.976 s	3.791 s	3.483 s	3.84 s	4.12 s	3.745 s	3.652 s	3.98 s	4.029 s	3.789 s	3.665 s	3.93 s	4.124 s	3.865 s	3.708 s	3.921 s	3.767 s	3.549 s	3.349 s	3.586 s	3.636 s	3.275 s	3.353 s	3.535 s	3.716 s	3.678 s	3.598 s	3.813 s
Q,GHG,TOTAL_HH,T_HAB,EE	4.48 s	3.712 s	3.824 s	4.488 s	4.48 s	3.791 s	3.949 s	4.193 s	4.071 s	3.673 s	3.837 s	4.389 s	4.692 s	4.236 s	4.449 s	4.319 s	4.108 s	4.198 s	4.222 s	4.385 s	3.926 s	3.451 s	3.542 s	3.64 s	3.776 s	3.308 s	4.169 s	4.373 s	4.519 s	4.132 s	3.855 s	4.081 s	4.315 s	3.765 s	3.981 s	3.716 s	3.591 s	2.716 s	2.523 s	2.648 s	2.18 s	1.907 s	2.477 s	2.515 s	2.494 s	2.259 s	2.579 s	3.21 s
Q,GHG,TOTAL_HH,T_HAB,EL	2.978 s	2.763 s	3.001 s	2.785 s	2.948 s	2.607 s	2.826 s	2.855 s	2.997 s	2.522 s	2.762 s	2.678 s	2.445 s	2.366 s	2.603 s	2.58 s	2.499 s	2.33 s	2.472 s	2.473 s	2.436 s	2.231 s	2.461 s	2.52 s	2.341 s	2.169 s	2.389 s	2.575 s	2.582 s	2.311 s	2.549 s	2.569 s	2.434 s	2.309 s	2.559 s	2.613 s	2.539 s	2.286 s	2.394 s	2.228 s	2.242 s	1.779 s	2.076 s	2.07 s	2.052 s	2.057 s	2.353 s	2.235 s
Q,GHG,TOTAL_HH,T_HAB,ES	1.975 s	1.899 s	1.892 s	2.057 s	2.027 s	1.875 s	1.891 s	1.99 s	2.052 s	1.846 s	1.805 s	1.918 s	1.756 s	1.688 s	1.736 s	1.897 s	1.739 s	1.731 s	1.809 s	1.891 s	1.892 s	1.793 s	1.835 s	1.918 s	1.792 s	1.708 s	1.747 s	1.953 s	1.874 s	1.8 s	1.797 s	2.008 s	1.878 s	1.788 s	1.774 s	1.9 s	1.79 s	1.712 s	1.67 s	1.733 s	1.569 s	1.213 s	1.463 s	1.552 s	1.487 s	1.509 s	1.519 s	1.715 s
Q,GHG,TOTAL_HH,T_HAB,EU27_2020	2.659 s	2.325 s	2.254 s	2.689 s	2.642 s	2.27 s	2.204 s	2.549 s	2.609 s	2.227 s	2.159 s	2.482 s	2.529 s	2.171 s	2.122 s	2.435 s	2.359 s	2.105 s	2.07 s	2.379 s	2.42 s	2.119 s	2.121 s	2.392 s	2.394 s	2.115 s	2.076 s	2.457 s	2.465 s	2.15 s	2.099 s	2.406 s	2.434 s	2.065 s	2.082 s	2.359 s	2.315 s	2.042 s	1.984 s	2.244 s	2.15 s	1.656 s	1.862 s	2.151 s	2.175 s	1.98 s	1.966 s	2.325 s
Q,GHG,TOTAL_HH,T_HAB,FI	4.2 s	3.484 s	3.196 s	4.038 s	4.059 s	3.227 s	2.801 s	3.225 s	3.398 s	2.882 s	2.679 s	3.238 s	3.399 s	2.909 s	2.752 s	3.17 s	3.081 s	2.695 s	2.619 s	2.979 s	2.892 s	2.557 s	2.41 s	2.888 s	3.078 s	2.659 s	2.481 s	3.092 s	2.979 s	2.6 s	2.375 s	2.781 s	3.014 s	2.522 s	2.511 s	2.884 s	2.855 s	2.454 s	2.373 s	2.687 s	2.535 s	2.141 s	2.106 s	2.417 s	2.604 s	2.254 s	2.221 s	2.685 s
Q,GHG,TOTAL_HH,T_HAB,FR	2.229 s	1.891 s	1.734 s	2.18 s	2.185 s	1.783 s	1.647 s	2.013 s	2.156 s	1.793 s	1.658 s	1.994 s	2.158 s	1.801 s	1.644 s	1.967 s	1.934 s	1.686 s	1.563 s	1.867 s	1.995 s	1.654 s	1.568 s	1.85 s	1.916 s	1.679 s	1.553 s	1.917 s	1.96 s	1.667 s	1.565 s	1.883 s	1.912 s	1.576 s	1.508 s	1.781 s	1.82 s	1.609 s	1.49 s	1.718 s	1.69 s	1.23 s	1.412 s	1.654 s	1.729 s	1.538 s	1.446 s	1.762 s
Q,GHG,TOTAL_HH,T_HAB,HR	1.616 s	1.498 s	1.69 s	1.692 s	1.64 s	1.511 s	1.603 s	1.703 s	1.622 s	1.37 s	1.507 s	1.539 s	1.461 s	1.308 s	1.448 s	1.546 s	1.41 s	1.34 s	1.36 s	1.476 s	1.43 s	1.327 s	1.426 s	1.538 s	1.42 s	1.364 s	1.427 s	1.581 s	1.527 s	1.405 s	1.501 s	1.599 s	1.49 s	1.301 s	1.488 s	1.533 s	1.497 s	1.351 s	1.488 s	1.52 s	1.477 s	1.267 s	1.473 s	1.541 s	1.579 s	1.503 s	1.7 s	1.704 s
Q,GHG,TOTAL_HH,T_HAB,HU	1.927 s	1.624 s	1.582 s	2.065 s	1.963 s	1.601 s	1.564 s	1.981 s	1.826 s	1.425 s	1.505 s	1.795 s	1.705 s	1.424 s	1.446 s	1.768 s	1.644 s	1.471 s	1.519 s	1.827 s	1.787 s	1.534 s	1.587 s	1.918 s	1.769 s	1.537 s	1.612 s	1.961 s	1.886 s	1.581 s	1.666 s	2.032 s	1.96 s	1.573 s	1.664 s	1.998 s	1.875 s	1.604 s	1.657 s	1.947 s	1.9 s	1.427 s	1.644 s	1.969 s	1.843 s	1.763 s	1.787 s	2.214 s
Q,GHG,TOTAL_HH,T_HAB,IE	4.126 s	3.766 s	3.464 s	3.907 s	3.922 s	3.565 s	3.389 s	3.607 s	3.774 s	3.707 s	3.409 s	3.772 s	3.912 s	3.676 s	3.42 s	3.662 s	3.756 s	3.645 s	3.459 s	3.637 s	3.89 s	3.719 s	3.608 s	3.704 s	4.039 s	3.93 s	3.744 s	4.086 s	4.123 s	3.959 s	3.889 s	4.142 s	4.288 s	4.073 s	3.875 s	4.015 s	3.835 s	3.985 s	3.778 s	3.96 s	3.748 s	2.714 s	3.262 s	3.26 s	3.123 s	3.268 s	3.581 s	3.677 s
Q,GHG,TOTAL_HH,T_HAB,IT	2.42 s	2.062 s	2.004 s	2.392 s	2.424 s	2.016 s	1.951 s	2.267 s	2.359 s	1.945 s	1.876 s	2.099 s	2.175 s	1.744 s	1.724 s	2.012 s	1.988 s	1.698 s	1.657 s	1.95 s	2.043 s	1.724 s	1.737 s	2.032 s	2.07 s	1.706 s	1.682 s	2.048 s	2.064 s	1.726 s	1.668 s	2.049 s	2.098 s	1.672 s	1.676 s	1.974 s	2.029 s	1.725 s	1.665 s	1.881 s	1.851 s	1.33 s	1.593 s	1.843 s	1.906 s	1.667 s	1.648 s	2.005 s
Q,GHG,TOTAL_HH,T_HAB,LT	1.904 s	1.692 s	1.825 s	1.961 s	1.881 s	1.884 s	2.025 s	1.974 s	1.922 s	1.83 s	2.093 s	1.967 s	1.793 s	1.772 s	2.075 s	1.843 s	1.786 s	1.801 s	2.078 s	1.945 s	1.81 s	2.007 s	2.122 s	1.987 s	1.852 s	2.07 s	2.141 s	2.046 s	1.949 s	2.107 s	2.299 s	2.247 s	2.096 s	2.25 s	2.39 s	2.233 s	2.13 s	2.303 s	2.428 s	2.306 s	2.102 s	2.203 s	2.48 s	2.249 s	2.089 s	2.338 s	2.6 s	2.441 s
Q,GHG,TOTAL_HH,T_HAB,LU	5.45 s	4.809 s	4.506 s	5.344 s	5.202 s	4.408 s	3.582 s	4.601 s	4.849 s	4.286 s	3.82 s	4.479 s	4.774 s	3.994 s	3.613 s	4.62 s	4.496 s	3.912 s	3.582 s	4.559 s	5.242 s	4.285 s	3.967 s	4.506 s	4.688 s	4.199 s	3.867 s	4.581 s	4.588 s	4.162 s	3.903 s	4.441 s	4.518 s	3.858 s	3.77 s	4.685 s	4.182 s	4.117 s	4.262 s	4.68 s	4.142 s	3.955 s	3.583 s	4.069 s	4.094 s	3.848 s	3.468 s	4.108 s
Q,GHG,TOTAL_HH,T_HAB,LV	1.77 s	1.398 s	1.553 s	1.703 s	1.646 s	1.382 s	1.455 s	1.607 s	1.603 s	1.325 s	1.538 s	1.555 s	1.571 s	1.308 s	1.529 s	1.594 s	1.464 s	1.488 s	1.528 s	1.634 s	1.451 s	1.468 s	1.653 s	1.687 s	1.511 s	1.488 s	1.565 s	1.718 s	1.621 s	1.573 s	1.622 s	1.665 s	1.694 s	1.592 s	1.73 s	1.786 s	1.575 s	1.666 s	1.914 s	1.712 s	1.5 s	1.543 s	1.661 s	1.65 s	1.646 s	1.638 s	1.952 s	1.886 s
Q,GHG,TOTAL_HH,T_HAB,MT	1.963 s	1.938 s	2.194 s	1.929 s	1.945 s	1.903 s	2.233 s	1.941 s	2.075 s	2.014 s	2.374 s	1.944 s	1.91 s	1.82 s	2.057 s	1.816 s	1.852 s	1.838 s	2.073 s	1.813 s	1.86 s	1.39 s	1.408 s	1.25 s	1.24 s	1.168 s	1.356 s	1.194 s	1.253 s	1.28 s	1.478 s	1.272 s	1.294 s	1.269 s	1.419 s	1.288 s	1.318 s	1.394 s	1.451 s	1.258 s	1.244 s	0.967 s	1.142 s	0.947 s	0.992 s	1.13 s	1.26 s	1.15 s
Q,GHG,TOTAL_HH,T_HAB,NL	3.799 s	3.285 s	3.03 s	3.769 s	3.618 s	3.063 s	2.874 s	3.457 s	3.554 s	3.025 s	2.82 s	3.4 s	3.53 s	3.057 s	2.806 s	3.378 s	3.262 s	2.957 s	2.816 s	3.339 s	3.439 s	3.061 s	2.912 s	3.32 s	3.382 s	3.002 s	2.829 s	3.428 s	3.387 s	2.976 s	2.735 s	3.257 s	3.358 s	2.841 s	2.668 s	3.088 s	3.256 	2.634 	2.449 	3.207 	2.974 	2.184 	2.372 	2.758 	2.887 	2.444 	2.303 	2.797 
Q,GHG,TOTAL_HH,T_HAB,PL	2.948 s	2.508 s	2.469 s	3.064 s	3.001 s	2.56 s	2.453 s	2.935 s	2.943 s	2.49 s	2.419 s	2.913 s	2.912 s	2.467 s	2.427 s	2.858 s	2.736 s	2.431 s	2.385 s	2.825 s	2.746 s	2.456 s	2.408 s	2.831 s	2.816 s	2.49 s	2.464 s	3.009 s	3.006 s	2.636 s	2.588 s	3.011 s	3.061 s	2.535 s	2.591 s	2.984 s	2.845 s	2.525 s	2.474 s	2.819 s	2.731 s	2.274 s	2.391 s	2.814 s	2.886 s	2.616 s	2.681 s	3.156 s
Q,GHG,TOTAL_HH,T_HAB,PT	1.617 s	1.624 s	1.76 s	1.754 s	1.663 s	1.609 s	1.688 s	1.676 s	1.68 s	1.56 s	1.707 s	1.567 s	1.608 s	1.553 s	1.585 s	1.619 s	1.515 s	1.555 s	1.657 s	1.66 s	1.683 s	1.668 s	1.733 s	1.708 s	1.581 s	1.565 s	1.726 s	1.717 s	1.764 s	1.743 s	1.81 s	1.761 s	1.69 s	1.635 s	1.763 s	1.672 s	1.581 s	1.598 s	1.625 s	1.634 s	1.579 s	1.253 s	1.578 s	1.58 s	1.472 s	1.538 s	1.584 s	1.646 s
Q,GHG,TOTAL_HH,T_HAB,RO	1.439 s	1.335 s	1.432 s	1.686 s	1.507 s	1.46 s	1.528 s	1.827 s	1.547 s	1.392 s	1.543 s	1.75 s	1.402 s	1.27 s	1.447 s	1.706 s	1.429 s	1.314 s	1.439 s	1.679 s	1.397 s	1.304 s	1.56 s	1.695 s	1.393 s	1.315 s	1.487 s	1.676 s	1.483 s	1.372 s	1.536 s	1.708 s	1.524 s	1.341 s	1.551 s	1.777 s	1.472 s	1.339 s	1.513 s	1.687 s	1.459 s	1.173 s	1.453 s	1.673 s	1.489 s	1.454 s	1.582 s	1.798 s
Q,GHG,TOTAL_HH,T_HAB,SE	2.056 	1.759 	1.635 	1.981 	1.883 	1.649 	1.544 	1.667 	1.721 	1.534 	1.466 	1.652 	1.695 	1.521 	1.451 	1.535 	1.551 	1.484 	1.44 	1.543 	1.63 	1.501 	1.438 	1.569 	1.584 	1.467 	1.439 	1.563 	1.486 	1.425 	1.397 	1.485 	1.458 	1.374 	1.332 	1.43 	1.415 	1.324 	1.305 	1.337 	1.245 	1.158 	1.168 	1.229 	1.196 	1.224 	1.201 	1.251 
Q,GHG,TOTAL_HH,T_HAB,SI	2.628 s	2.257 s	2.366 s	2.699 s	2.661 s	2.354 s	2.318 s	2.556 s	2.576 s	2.279 s	2.247 s	2.4 s	2.374 s	2.039 s	2.285 s	2.454 s	2.227 s	2.087 s	2.012 s	2.048 s	2.175 s	2.078 s	2.168 s	2.17 s	2.211 s	2.109 s	2.268 s	2.498 s	2.441 s	2.206 s	2.302 s	2.35 s	2.443 s	2.037 s	2.301 s	2.413 s	2.278 s	2.156 s	2.203 s	2.336 s	2.121 s	1.837 s	2.205 s	2.371 s	2.253 s	2.051 s	2.143 s	2.423 s
Q,GHG,TOTAL_HH,T_HAB,SK	2.179 s	1.994 s	1.962 s	2.237 s	2.186 s	2.026 s	1.935 s	2.127 s	2.069 s	1.842 s	1.829 s	2.101 s	2.049 s	1.828 s	1.789 s	2.083 s	1.909 s	1.754 s	1.687 s	2.022 s	1.954 s	1.797 s	1.752 s	2.024 s	1.921 s	1.795 s	1.783 s	2.089 s	1.988 s	1.826 s	1.839 s	2.128 s	2.042 s	1.799 s	1.858 s	2.062 s	1.977 s	1.749 s	1.708 s	1.91 s	1.827 s	1.445 s	1.656 s	1.952 s	1.925 s	1.778 s	1.811 s	2.082 s
